PageId,Class,OutLinkNum0,OutLinkProp0,OutLinkNum1,OutLinkProp1,InLinkNum0,InLinkProp0,InLinkNum1,InLinkProp1,hits
3323002,Actor,0,0,206,0.0223597091067,0,0,121,0.0274937514201,0.0
5379742,Actor,1,0.0102040816327,157,0.0128772965879,0,0,76,0.00632964104273,0.0
5347369,Actor,1,0.0357142857143,140,0.0272426542129,2,0.0769230769231,57,0.0352069178505,4.48404034715e-05
420922,Actor,27,0.264705882353,3034,0.11428356185,27,0.198529411765,4526,0.0873407950598,0.00435353816991
20001840,Actor,11,0.305555555556,761,0.0849140816782,3,0.130434782609,195,0.115795724466,0.000295091995807
7745187,Actor,0,0,103,0.0812943962115,0,0,2,0.00121506682868,0.0
8056432,Actor,2,0.1,322,0.0663643858203,0,0,2,0.00706713780919,0.0
1221476,Actor,3,0.0508474576271,411,0.0433041829101,2,0.030303030303,823,0.0428132965718,0.000125485525189
1193334,Actor,16,0.25,1438,0.112510758157,0,0,368,0.182902584493,0.0
12213886,Actor,0,0,102,0.0283412058905,0,0,11,0.0342679127726,0.0
2009832,Actor,3,0.0909090909091,606,0.0654639732095,1,0.030303030303,748,0.0870779976717,0.000144209920411
24880036,Actor,0,0,0,0,0,0,0,0,0
9985018,Actor,0,0,120,0.0156087408949,1,0.05,10,0.0119904076739,4.6117683457e-05
13965106,Actor,8,0.131147540984,1411,0.130466944059,2,0.04,811,0.109476241901,0.00013933377615
2290483,Actor,8,0.111111111111,1022,0.0638470669082,4,0.0615384615385,1295,0.102851242951,0.000363453982677
25148247,Actor,0,0,0,0,0,0,1,0.0204081632653,0.0
20661661,Actor,0,0,208,0.263959390863,0,0,336,0.484848484848,0.0
10545516,Actor,0,0,297,0.0373115577889,0,0,148,0.049915682968,0.0
6954265,Actor,0,0,372,0.141552511416,0,0,20,0.0451467268623,0.0
4525674,Actor,9,0.225,666,0.109738012852,0,0,424,0.280052840159,0.0
27984887,Actor,0,0,0,0,0,0,4,0.190476190476,0.0
15329914,Actor,7,0.159090909091,577,0.0418905183679,0,0,1131,0.138095238095,0.0
5910885,Actor,3,0.2,458,0.143528674397,0,0,74,0.226993865031,0.0
204467,Actor,38,0.24358974359,4797,0.151110411088,60,0.150753768844,9341,0.0991297888146,0.00593564576034
2106026,Actor,4,0.0869565217391,794,0.0596857851612,1,0.0526315789474,76,0.0105672969967,9.75644941236e-05
3837727,Actor,10,0.121951219512,773,0.0392087243216,4,0.0533333333333,1011,0.0542062087824,0.000220428662351
2020134,Actor,0,0,29,0.00604418507712,1,0.0909090909091,57,0.108159392789,9.3954511546e-05
3113624,Actor,3,0.103448275862,241,0.103167808219,4,0.0909090909091,326,0.0816020025031,0.000159672320631
9003913,Actor,0,0,10,0.00845308537616,0,0,0,0,0.0
29542302,Actor,0,0,0,0,0,0,0,0,0.0
17171282,Actor,1,0.0416666666667,435,0.0825270347183,0,0,130,0.122180451128,0.0
26363500,Actor,0,0,0,0,1,0.333333333333,2,0.142857142857,1.94983949265e-05
12440785,Actor,0,0,173,0.0383506982931,1,0.0357142857143,129,0.0181972069403,6.62697740801e-05
6555534,Actor,0,0,106,0.0181943014075,1,0.0588235294118,45,0.0492341356674,5.80955875889e-05
5050752,Actor,2,0.0425531914894,701,0.0671777671299,2,0.0363636363636,728,0.0348342025934,0.000106565336275
2719602,Actor,1,0.0140845070423,2337,0.109898894898,0,0,24,0.0320427236315,0.0
33288810,Actor,0,0,0,0,0,0,0,0,0.0
25754632,Actor,0,0,0,0,0,0,70,0.00742626777,0.0
2255231,Actor,4,0.0666666666667,712,0.0582794466727,0,0,225,0.0540865384615,0.0
7743017,Actor,12,0.16,1197,0.080324788619,2,0.0666666666667,219,0.0666261028293,0.000154604341951
5818440,Actor,0,0,266,0.0544078543669,0,0,371,0.0398111385342,0.0
24059528,Actor,0,0,82,0.0750915750916,0,0,67,0.0547833197056,0.0
8146815,Actor,4,0.102564102564,1849,0.118548438802,0,0,8,0.047619047619,0.0
17079191,Actor,0,0,212,0.105894105894,0,0,1,0.0666666666667,0.0
32041182,Actor,0,0,0,0,0,0,23,0.0934959349593,0.0
23098630,Actor,1,0.0454545454545,309,0.0549919914576,0,0,3,0.027027027027,0.0
19558412,Actor,2,0.0444444444444,704,0.0700915969733,1,0.0263157894737,170,0.0478334271244,0.0
13159169,Actor,0,0,912,0.0918706557872,0,0,107,0.140052356021,0.0
556559,Actor,0,0,5,0.0199203187251,0,0,114,0.211895910781,0.0
7198319,Actor,8,0.32,184,0.0515117581187,2,0.111111111111,123,0.0485398579321,6.35285753999e-05
2704483,Actor,2,0.0909090909091,243,0.045234549516,0,0,48,0.0674157303371,0.0
21021032,Actor,0,0,105,0.0357021421285,0,0,111,0.0756130790191,0.0
27850612,Actor,0,0,0,0,0,0,54,0.220408163265,0.0
29874398,Actor,0,0,0,0,0,0,17,0.0600706713781,0.0
21905877,Actor,0,0,175,0.0249500998004,0,0,19,0.0855855855856,0.0
2710807,Actor,1,0.037037037037,704,0.141564448019,1,0.0294117647059,475,0.07421875,6.7209847176e-05
1699011,Actor,4,0.0714285714286,357,0.0524306065502,4,0.0689655172414,257,0.0978302245908,0.000218719185925
21558590,Actor,0,0,407,0.0766334023724,0,0,99,0.0170807453416,0.0
921466,Actor,12,0.123711340206,5620,0.172742361837,2,0.0208333333333,1050,0.0805832693784,0.00020284323537
582584,Actor,43,0.34126984127,3789,0.171797778282,41,0.170833333333,6379,0.124163033323,0.00442114373077
8847709,Actor,0,0,103,0.0809112333071,0,0,20,0.131578947368,0.0
22148868,Actor,1,0.1,156,0.0801232665639,0,0,74,0.0914709517923,0.0
2322823,Actor,2,0.181818181818,287,0.0748370273794,0,0,6,0.0368098159509,0.0
15115584,Actor,2,0.142857142857,306,0.0627434898503,0,0,17,0.1328125,0.0
620839,Actor,6,0.115384615385,460,0.0524694878522,6,0.272727272727,446,0.104059729351,0.000439608673176
31498519,Actor,0,0,0,0,0,0,47,0.0526315789474,0.0
1007003,Actor,18,0.276923076923,933,0.106349025419,4,0.166666666667,297,0.0920930232558,0.000329673092604
20950698,Actor,1,0.111111111111,158,0.0755619320899,0,0,134,0.0941672522839,0.0
3796804,Actor,0,0,227,0.0541378487956,2,0.105263157895,125,0.0795165394402,0.000143710426974
18591403,Actor,23,0.348484848485,1586,0.12784136708,20,0.512820512821,1106,0.281353345205,0.00120381092694
2378731,Actor,7,0.0729166666667,1277,0.0715967705764,4,0.0487804878049,1025,0.0864759976377,0.000228097997038
520453,Actor,2,0.0689655172414,456,0.071811023622,1,0.0172413793103,1909,0.103367987871,4.06512190881e-05
24741258,Actor,0,0,3,0.010752688172,0,0,5,0.0326797385621,0.0
32579798,Actor,0,0,0,0,1,0.0833333333333,81,0.106299212598,4.71392711271e-05
1307550,Actor,2,0.0645161290323,250,0.031328320802,2,0.08,296,0.0859715364508,0.00040011746025
9175965,Actor,5,0.0877192982456,558,0.0493412326466,1,0.0384615384615,83,0.030225782957,7.12104796154e-05
3183223,Actor,0,0,364,0.0995896032832,1,0.037037037037,321,0.070782800441,0.0
12305519,Actor,0,0,207,0.078677309008,0,0,98,0.0886075949367,0.0
29050025,Actor,0,0,0,0,0,0,151,0.0223108747045,0.0
21107384,Actor,1,0.0666666666667,87,0.0335001925298,1,0.0909090909091,113,0.110243902439,3.83409102044e-05
845266,Actor,1,0.037037037037,206,0.0333441243121,4,0.1,527,0.0981012658228,8.47170969774e-05
15057540,Actor,0,0,430,0.0923737916219,0,0,32,0.0666666666667,0.0
16025172,Actor,1,0.04,127,0.0174498488596,1,0.111111111111,242,0.356932153392,4.10700735891e-05
3065743,Actor,4,0.16,907,0.115043125317,1,0.0555555555556,89,0.0473656200106,7.92418241967e-05
2091605,Actor,3,0.0344827586207,392,0.0312674483529,5,0.0714285714286,527,0.0425068559445,0.000306146956013
105315,Actor,1,0.0227272727273,916,0.114600275241,2,0.0588235294118,524,0.0771723122239,0.0001657211899
20833,Actor,77,0.322175732218,5927,0.15229065495,118,0.255965292842,11127,0.136907252012,0.0112382417972
582485,Actor,3,0.0625,170,0.0146035563955,4,0.078431372549,552,0.0378496982995,0.00024627576335
29779454,Actor,0,0,0,0,0,0,0,0,0.0
16677690,Actor,21,0.538461538462,1054,0.211434302909,20,0.606060606061,932,0.317655078391,0.000890281960705
3303681,Actor,0,0,1,0.000598086124402,0,0,3,0.00274223034735,0.0
1898837,Actor,1,0.0263157894737,131,0.0255261106781,2,0.027397260274,359,0.0465447945028,0.000113745845456
502659,Actor,0,0,138,0.0139014808099,0,0,106,0.0148709315376,0.0
25183832,Actor,0,0,0,0,0,0,50,0.0487329434698,0.0
33040517,Actor,0,0,0,0,0,0,30,0.0376411543287,0.0
14072720,Actor,0,0,41,0.00735426008969,1,0.010989010989,58,0.00948332243296,8.28291195954e-05
13879888,Actor,1,0.0434782608696,110,0.0253164556962,1,0.0666666666667,93,0.0789473684211,0.0
1243649,Actor,47,0.324137931034,6054,0.194556030466,42,0.247058823529,6402,0.150260526686,0.0040540529165
16655167,Actor,3,0.063829787234,1172,0.112952968389,2,0.0645161290323,293,0.0994231421785,7.10977186338e-05
23235308,Actor,0,0,34,0.0883116883117,0,0,1,0.125,0.0
293359,Actor,20,0.215053763441,1961,0.1358033241,40,0.131147540984,4557,0.0685582752862,0.00316140898123
18041205,Actor,1,0.030303030303,155,0.0182955618508,0,0,0,0,0.0
2303959,Actor,5,0.161290322581,503,0.149479940565,2,0.0434782608696,514,0.0884377150723,0.000171982203661
1963317,Actor,1,0.0120481927711,152,0.0638923917612,1,0.0625,43,0.0325018896447,9.78321019754e-05
7800312,Actor,1,0.05,557,0.132398383646,1,0.047619047619,895,0.224648594378,4.85102674928e-05
651532,Actor,33,0.255813953488,6216,0.168322998186,42,0.1875,5782,0.0983667914257,0.00487923977521
27073221,Actor,0,0,0,0,0,0,0,0,0
859656,Actor,5,0.111111111111,527,0.0607422775473,3,0.15,500,0.203417412531,0.000325270700773
4510406,Actor,1,0.0208333333333,511,0.0886075949367,0,0,81,0.0450250138966,0.0
1565425,Actor,0,0,451,0.121596117552,0,0,187,0.0449411199231,0.0
20735605,Actor,0,0,4,0.0042689434365,1,0.2,7,0.179487179487,2.18434486317e-05
2456159,Actor,2,0.0454545454545,2637,0.182820299501,2,0.0588235294118,732,0.135756676558,0.000154528970873
15821,Actor,168,0.385321100917,18308,0.18279484005,244,0.248472505092,40116,0.108858822189,0.0321629725192
33012068,Actor,0,0,0,0,0,0,11,0.203703703704,0.0
1148963,Actor,5,0.151515151515,231,0.0297297297297,2,0.0952380952381,152,0.0487179487179,0.000108502926472
1562313,Actor,7,0.0736842105263,713,0.0532168980445,9,0.0775862068966,934,0.0474135742931,0.000666609672821
31632376,Actor,0,0,0,0,0,0,0,0,0.0
5569959,Actor,8,0.140350877193,571,0.0533594991122,2,0.0444444444444,178,0.120433017591,2.38578076198e-05
2778072,Actor,2,0.0952380952381,61,0.0102693602694,0,0,9,0.004039497307,0.0
17370338,Actor,0,0,125,0.0376846548086,0,0,0,0,0.0
2563560,Actor,5,0.263157894737,495,0.132317562149,0,0,112,0.0311890838207,0.0
9870616,Actor,11,0.275,1328,0.141986528387,2,0.1,126,0.0587686567164,8.28526335157e-05
4586187,Actor,0,0,802,0.196809815951,0,0,14,0.0354430379747,0.0
421109,Actor,9,0.104651162791,4145,0.16198999531,7,0.0823529411765,1574,0.0311775774983,0.000667394778978
12687198,Actor,3,0.0731707317073,537,0.120403587444,1,0.0357142857143,69,0.0480836236934,4.07176345764e-05
30022524,Actor,0,0,0,0,1,0.2,39,0.128289473684,4.7954181115e-05
1618899,Actor,0,0,164,0.0296510576749,0,0,20,0.093896713615,0.0
7882361,Actor,1,0.05,192,0.0435275447744,2,0.111111111111,196,0.181649675626,0.000132017589925
4238215,Actor,0,0,414,0.047983310153,1,0.0243902439024,199,0.0462575546258,6.49575325229e-05
2546419,Actor,3,0.2,59,0.0166290868095,2,0.111111111111,148,0.147117296223,9.46190148928e-05
1812794,Actor,6,0.107142857143,1215,0.0789319820698,2,0.0392156862745,931,0.0684156378601,9.13919870439e-05
22739924,Actor,2,0.0512820512821,803,0.0819973450424,0,0,116,0.150453955901,0.0
28745207,Actor,0,0,0,0,1,0.111111111111,9,0.00482832618026,5.17037810464e-05
30889440,Actor,0,0,0,0,0,0,8,0.0441988950276,0.0
65040,Actor,3,0.0434782608696,313,0.0200512491992,7,0.0736842105263,572,0.0535982008996,0.000145167246396
13479034,Actor,0,0,507,0.103384991843,0,0,43,0.131498470948,0.0
12751840,Actor,5,0.147058823529,444,0.0904461193726,4,0.173913043478,232,0.053186611646,0.00037324169916
2620563,Actor,33,0.323529411765,2101,0.136207455429,34,0.19209039548,5196,0.134097243729,0.00267718107916
1793099,Actor,42,0.3,4778,0.202956418316,40,0.325203252033,4523,0.172580891331,0.00252051931734
31350781,Actor,0,0,0,0,0,0,5,0.00391236306729,0.0
2262102,Actor,0,0,933,0.121231808732,0,0,26,0.0051689860835,0.0
14928786,Actor,7,0.333333333333,267,0.0870557548093,0,0,127,0.330729166667,0.0
29959313,Actor,0,0,0,0,0,0,0,0,0.0
715220,Actor,1,0.025,415,0.0297725805294,4,0.0245398773006,1717,0.0273800031893,0.000442200579515
268009,Actor,42,0.137704918033,5373,0.105903222627,66,0.0941512125535,11377,0.0770997953403,0.00661587499007
952690,Actor,0,0,511,0.0948403860431,1,0.0625,519,0.256549678695,3.81207953157e-05
3563829,Actor,1,0.04,74,0.0141437308869,0,0,33,0.00414833438089,0.0
29375925,Actor,0,0,0,0,1,0.0322580645161,205,0.0848861283644,4.62248940992e-05
31093720,Actor,0,0,0,0,0,0,58,0.12108559499,0.0
100840,Actor,79,0.221288515406,9310,0.128074616189,81,0.136593591906,10138,0.0798991212515,0.00723062228251
18150591,Actor,6,0.0833333333333,945,0.0549738219895,1,0.0588235294118,66,0.0851612903226,0.0
3548453,Actor,3,0.1,163,0.0242595624349,0,0,29,0.00697618474862,0.0
20999973,Actor,1,0.0833333333333,17,0.00380058126537,0,0,0,0,0.0
326691,Actor,4,0.00468384074941,2748,0.0106042656315,4,0.00267737617135,3100,0.00620759810007,0.000260386660764
5949370,Actor,0,0,25,0.027352297593,0,0,69,0.237113402062,0.0
1137989,Actor,3,0.0625,2631,0.167334478153,3,0.0666666666667,615,0.0787552823665,0.000100244307826
17491581,Actor,43,0.3359375,3943,0.19512074426,36,0.36,3513,0.243501767519,0.00259668211968
20246045,Actor,0,0,67,0.0253980288097,0,0,214,0.140052356021,0.0
934314,Actor,0,0,10,0.00281135788586,0,0,91,0.0364,0.0
7644951,Actor,2,0.0540540540541,211,0.0222035146796,0,0,55,0.0560652395515,0.0
29270970,Actor,0,0,0,0,0,0,13,0.295454545455,0.0
26518843,Actor,0,0,0,0,0,0,17,0.137096774194,0.0
8532311,Actor,38,0.612903225806,1843,0.231474503893,32,0.415584415584,1627,0.182378657101,0.00186998128233
27863671,Actor,0,0,0,0,0,0,237,0.299242424242,0.0
3544971,Actor,0,0,99,0.0129344133786,0,0,144,0.0334339447411,0.0
31645802,Actor,0,0,0,0,0,0,7,0.166666666667,0.0
2216320,Actor,6,0.136363636364,551,0.0461822143995,4,0.173913043478,1813,0.0592096668844,0.000279137834851
5673322,Actor,5,0.116279069767,1328,0.159481205716,51,0.161392405063,5014,0.163610259088,0.0179888457447
5668488,Actor,4,0.0769230769231,566,0.0416298911445,1,0.037037037037,328,0.0676846884028,3.98488133942e-05
23008456,Actor,1,0.0769230769231,121,0.0519982810486,1,0.0625,228,0.0907643312102,0.0
7565113,Actor,1,0.0833333333333,155,0.110714285714,2,0.181818181818,26,0.0912280701754,7.43342000772e-05
32760799,Actor,0,0,0,0,1,0.166666666667,300,0.0914355379457,0.000283762865591
438904,Actor,57,0.0875576036866,12746,0.0903196547644,54,0.0588876772083,13676,0.0546854069616,0.00525579671901
27125181,Actor,0,0,0,0,0,0,15,0.0445103857567,0.0
1608107,Actor,1,0.0232558139535,271,0.029089738085,1,0.0285714285714,373,0.0524023602135,0.000119765384883
1226894,Actor,59,0.578431372549,3955,0.345264076822,47,0.379032258065,3477,0.175552862769,0.00287345926647
14849732,Actor,6,0.315789473684,326,0.0828673106253,0,0,158,0.271944922547,0.0
17247093,Actor,0,0,278,0.0710089399745,0,0,29,0.0674418604651,0.0
19066685,Actor,0,0,360,0.129171151776,0,0,64,0.213333333333,0.0
25739421,Actor,0,0,0,0,2,0.105263157895,555,0.415108451758,6.29384361871e-05
26273208,Actor,0,0,0,0,0,0,60,0.151898734177,0.0
8240734,Actor,0,0,113,0.0330409356725,0,0,320,0.140227870289,0.0
30593826,Actor,0,0,0,0,0,0,190,0.196078431373,0.0
1766803,Actor,0,0,68,0.0123906705539,0,0,30,0.0083426028921,0.0
2115307,Actor,1,0.0123456790123,201,0.0422180214241,1,0.0384615384615,262,0.0578111209179,4.69425686105e-05
1200093,Actor,7,0.0625,523,0.0258501383946,20,0.0471698113208,2132,0.0681803645667,0.00129301480553
6010116,Actor,1,0.0263157894737,357,0.0338838268793,0,0,36,0.019512195122,0.0
25831844,Actor,0,0,0,0,0,0,34,0.00477528089888,0.0
22649916,Actor,1,0.166666666667,31,0.096875,0,0,50,0.0877192982456,0.0
21344368,Actor,1,0.111111111111,50,0.0280426247897,0,0,18,0.159292035398,0.0
15325636,Actor,0,0,208,0.0286461919846,0,0,46,0.015111695138,0.0
26744450,Actor,0,0,0,0,0,0,0,0,0
22474133,Actor,1,0.0344827586207,276,0.0326627218935,0,0,48,0.11320754717,0.0
89648,Actor,31,0.316326530612,3083,0.161939279336,29,0.337209302326,2919,0.112002148722,0.00274741678211
24554263,Actor,13,0.2,714,0.0703309692671,6,0.222222222222,214,0.142666666667,0.000181861194576
1981874,Actor,8,0.142857142857,597,0.055914582748,6,0.171428571429,282,0.0830144244922,0.000403715448699
2381165,Actor,141,0.629464285714,11959,0.405609822276,49,0.148036253776,5032,0.164020991558,0.0176726129296
9459038,Actor,0,0,2,0.0127388535032,2,0.222222222222,44,0.135384615385,0.000116266438095
3261138,Actor,5,0.0581395348837,4210,0.192659710782,2,0.0238095238095,582,0.0760088807627,0.00012847725424
356985,Actor,40,0.285714285714,3162,0.122344747533,50,0.247524752475,4520,0.131006898151,0.00404252061882
5176098,Actor,1,0.0222222222222,192,0.0179489576517,0,0,73,0.0298568507157,0.0
586384,Actor,5,0.0746268656716,2952,0.15235342692,15,0.159574468085,1646,0.0653927138374,0.00122053953684
2336147,Actor,1,0.111111111111,37,0.0388655462185,0,0,32,0.0155339805825,0.0
847111,Actor,17,0.0876288659794,2204,0.0677403491517,9,0.0443349753695,1974,0.0590328658154,0.000920797747935
6586707,Actor,0,0,17,0.0494186046512,0,0,0,0,0.0
4383802,Actor,5,0.263157894737,491,0.0990718321227,0,0,24,0.12972972973,0.0
3443479,Actor,0,0,265,0.106425702811,0,0,144,0.0630749014455,0.0
4722289,Actor,12,0.155844155844,703,0.0471653807447,9,0.115384615385,413,0.0267851352228,0.00063607472339
23048579,Actor,0,0,89,0.027803811309,0,0,10,0.153846153846,0.0
9313305,Actor,1,0.0769230769231,11,0.00309771895241,6,0.375,110,0.340557275542,0.000142048217704
2793946,Actor,7,0.155555555556,628,0.0723169046522,3,0.157894736842,99,0.0814814814815,0.000185126584911
14962049,Actor,0,0,222,0.0549233052944,0,0,46,0.106976744186,0.0
3264738,Actor,10,0.138888888889,995,0.093655873494,17,0.239436619718,1797,0.12004008016,0.000876777464838
22990904,Actor,5,0.121951219512,153,0.0245349583066,0,0,1,0.00636942675159,0.0
32269922,Actor,0,0,0,0,0,0,13,0.0570175438596,0.0
16786731,Actor,5,0.357142857143,220,0.0432050274941,0,0,31,0.00980702309396,0.0
2431761,Actor,2,0.0222222222222,1044,0.0966308774528,3,0.0365853658537,644,0.121463598642,0.000203864848996
23988570,Actor,0,0,102,0.0282392026578,1,0.0555555555556,23,0.0546318289786,7.23323840546e-06
6010189,Actor,0,0,324,0.0673316708229,0,0,59,0.0360635696822,0.0
10464705,Actor,0,0,185,0.0118894601542,0,0,4,0.00193986420951,0.0
83108,Actor,12,0.105263157895,837,0.0454916028045,22,0.0533980582524,1476,0.0283181765857,0.00136015705946
706347,Actor,17,0.309090909091,851,0.132224984462,12,0.210526315789,726,0.114150943396,0.000479922396114
8536332,Actor,33,0.458333333333,1702,0.199064327485,34,0.618181818182,1466,0.291799363057,0.00164068447814
16065332,Actor,0,0,11,0.00545094152626,0,0,1,0.0416666666667,0.0
2564960,Actor,4,0.148148148148,421,0.0958779321339,7,0.127272727273,661,0.106235936998,0.000567243419027
6774822,Actor,2,0.08,219,0.0434868943606,0,0,403,0.134512683578,0.0
27114673,Actor,0,0,0,0,0,0,60,0.0858369098712,0.0
8472560,Actor,2,0.0714285714286,1351,0.152983807043,1,0.037037037037,148,0.0228995822374,6.18584711633e-05
6836852,Actor,0,0,35,0.0174302788845,0,0,0,0,0.0
16737385,Actor,3,0.157894736842,235,0.10711030082,0,0,211,0.140666666667,0.0
10478161,Actor,0,0,104,0.0310262529833,0,0,41,0.0949074074074,0.0
4596752,Actor,2,0.0952380952381,243,0.0573113207547,0,0,57,0.322033898305,0.0
2216168,Actor,3,0.1,249,0.0362709395484,0,0,71,0.0195592286501,0.0
2600885,Actor,1,0.0196078431373,336,0.0466861192163,1,0.025641025641,222,0.0482398956975,5.60539285331e-05
2864112,Actor,1,0.0434782608696,100,0.0287686996548,2,0.105263157895,30,0.0143747005271,2.96357520973e-05
10881298,Actor,0,0,598,0.0618343501189,0,0,893,0.0597324414716,0.0
21189337,Actor,41,0.163346613546,11787,0.171839692097,62,0.111510791367,6360,0.0704826286917,0.00547922553704
8244416,Actor,6,0.193548387097,1728,0.18668971478,5,0.178571428571,221,0.118435155413,0.000329983178051
663197,Actor,2,0.0434782608696,539,0.0611735330836,2,0.0408163265306,328,0.0358469945355,0.00010103895447
2599451,Actor,0,0,18,0.0345489443378,0,0,0,0,0.0
24545784,Actor,5,0.263157894737,183,0.0467194281338,0,0,8,0.00348583877996,0.0
27775587,Actor,0,0,0,0,0,0,25,0.0550660792952,0.0
23577762,Actor,2,0.153846153846,2139,0.236798405845,1,0.2,55,0.0105323630793,3.60690590104e-05
2693399,Actor,25,0.106382978723,3861,0.0847937804717,15,0.0622406639004,4401,0.0989144359787,0.0010305893976
14729401,Actor,0,0,288,0.0670079106561,0,0,138,0.123655913978,0.0
65032,Actor,53,0.452991452991,3718,0.210639623817,50,0.232558139535,3328,0.140861762465,0.00273740787752
754280,Actor,6,0.107142857143,617,0.0576258522462,4,0.0615384615385,548,0.0479314265722,0.000400751211475
4994104,Actor,0,0,137,0.0168490960521,5,0.111111111111,525,0.0690063091483,0.000252979213506
5965537,Actor,27,0.457627118644,1618,0.176137600697,25,0.625,1417,0.270368250334,0.00210981410182
1647644,Actor,3,0.075,1229,0.112793685756,0,0,70,0.0152838427948,0.0
2388819,Actor,0,0,117,0.0263870094723,1,0.0217391304348,379,0.0290243528871,5.12894415482e-05
2802704,Actor,5,0.135135135135,1035,0.108026302056,8,0.177777777778,398,0.0644325724462,0.000368173934549
1615104,Actor,10,0.135135135135,1652,0.106258442143,2,0.0176991150442,1680,0.152173913043,0.000231876989356
30175672,Actor,0,0,0,0,0,0,16,0.0474777448071,0.0
3254989,Actor,7,0.35,178,0.0398121225677,3,0.063829787234,229,0.0487337731432,0.00016200535398
8476621,Actor,0,0,22,0.0201649862511,0,0,34,0.216560509554,0.0
3801593,Actor,2,0.133333333333,200,0.0608272506083,2,0.117647058824,381,0.157568238213,0.000133262148547
1668783,Actor,12,0.193548387097,1251,0.124329159213,0,0,0,0,0
4322288,Actor,2,0.111111111111,139,0.027508410845,1,0.0666666666667,77,0.0794633642931,8.84012984989e-05
1132029,Actor,2,0.010101010101,1342,0.0602144748059,2,0.0147058823529,1016,0.0425264744046,9.26471253008e-05
239793,Actor,2,0.04,455,0.0403154350523,7,0.0736842105263,538,0.0341435552453,0.000361746165329
852566,Actor,4,0.0816326530612,515,0.0573049961055,3,0.051724137931,635,0.0514419961115,0.000130779015655
8523676,Actor,39,0.582089552239,2077,0.155638816036,34,0.357894736842,1841,0.157809017658,0.00195489842715
9505584,Actor,1,0.0454545454545,84,0.0206438928484,7,0.5,11,0.0222672064777,0.000190701663778
938841,Actor,4,0.08,1001,0.145219788191,3,0.044776119403,626,0.0797960484385,0.000215901549244
11238974,Actor,0,0,144,0.00768943237037,1,0.0588235294118,22,0.0352564102564,5.67568687691e-05
19832767,Actor,142,0.596638655462,12405,0.387535145267,50,0.162866449511,5006,0.139345859429,0.0177258476034
7213477,Actor,0,0,100,0.0167897918066,0,0,60,0.16713091922,0.0
10258309,Actor,0,0,152,0.19689119171,1,0.142857142857,7,0.148936170213,2.18434486317e-05
10860372,Actor,1,0.0454545454545,183,0.0481199053379,1,0.0277777777778,75,0.0615763546798,5.5276208248e-05
5171866,Actor,0,0,122,0.0875179340029,0,0,2,0.0229885057471,0.0
26444620,Actor,0,0,0,0,0,0,36,0.0835266821346,0.0
762651,Actor,8,0.186046511628,866,0.0844219146032,9,0.134328358209,1442,0.120347187448,0.000298637806349
719433,Actor,3,0.166666666667,269,0.0687627811861,1,0.0416666666667,428,0.170382165605,5.47514259782e-05
149784,Actor,5,0.0694444444444,1110,0.0675346799708,9,0.0633802816901,2229,0.0574011124845,0.000583724134235
2630634,Actor,1,0.0333333333333,400,0.101317122594,1,0.0344827586207,241,0.0264544456641,0.000111323935222
1741865,Actor,4,0.0421052631579,877,0.0529429520072,3,0.0201342281879,1117,0.0791973908111,0.000180532286375
12364386,Actor,2,0.0338983050847,696,0.0670132871173,0,0,4,0.00124921923798,0.0
1260945,Actor,9,0.0957446808511,2284,0.144749350402,2,0.0185185185185,932,0.0747693541917,0.000126936346979
3316507,Actor,1,0.2,74,0.144249512671,0,0,105,0.10847107438,0.0
10269605,Actor,5,0.294117647059,278,0.098756660746,3,0.157894736842,321,0.20537428023,0.000125980601379
533860,Actor,8,0.0427807486631,11904,0.207130552801,18,0.079295154185,4098,0.079993753538,0.00197696414609
31336237,Actor,0,0,0,0,0,0,1,0.0128205128205,0.0
26355189,Actor,0,0,0,0,11,0.161764705882,334,0.081662591687,0.000415276074185
6013135,Actor,1,0.0625,116,0.0922098569157,1,0.0277777777778,474,0.129155313351,2.5297461023e-05
17129070,Actor,1,0.05,145,0.0352626459144,0,0,2,0.00909090909091,0.0
9074280,Actor,0,0,229,0.0365756268967,0,0,438,0.0829545454545,0.0
1847160,Actor,9,0.142857142857,715,0.0626039751335,5,0.104166666667,404,0.0422417398578,0.000315642695869
24895068,Actor,0,0,0,0,0,0,0,0,0
15105076,Actor,0,0,114,0.0195909950163,0,0,0,0,0.0
20525726,Actor,9,0.243243243243,350,0.0545851528384,8,0.444444444444,131,0.0221059736753,0.000430913292482
8835043,Actor,1,0.05,261,0.0733146067416,2,0.117647058824,50,0.0375093773443,9.43054357716e-05
14615169,Actor,0,0,479,0.0878415551073,0,0,103,0.0913930789707,0.0
1247413,Actor,1,0.0588235294118,58,0.0136921624174,1,0.0714285714286,9,0.0102622576967,5.60449222362e-05
2063909,Actor,8,0.0824742268041,629,0.0406435771517,10,0.0943396226415,604,0.0371600836717,0.000676902823864
4563692,Actor,0,0,114,0.0889235569423,0,0,207,0.138184245661,0.0
21168507,Actor,0,0,93,0.0125913891145,0,0,0,0,0.0
1416203,Actor,5,0.0735294117647,599,0.0373720988271,3,0.046875,432,0.0725197246936,0.000123807931253
21172735,Actor,7,0.291666666667,393,0.080024434942,0,0,39,0.0414893617021,0.0
1226104,Actor,2,0.0588235294118,731,0.142328660436,0,0,54,0.048604860486,0.0
15127800,Actor,1,0.1,1,0.00120192307692,0,0,330,0.500758725341,0.0
28470482,Actor,0,0,0,0,0,0,34,0.320754716981,0.0
3968080,Actor,1,0.111111111111,244,0.117477130477,0,0,118,0.0724815724816,0.0
3376072,Actor,0,0,87,0.016264722378,0,0,51,0.0079575596817,0.0
33206296,Actor,0,0,0,0,0,0,5,0.121951219512,0.0
2715569,Actor,6,0.0769230769231,797,0.0411928881538,2,0.0909090909091,83,0.163064833006,9.94635835203e-05
6986860,Actor,0,0,6133,0.271768511543,0,0,213,0.0775391336003,0.0
557496,Actor,24,0.263736263736,1823,0.0977217904047,23,0.237113402062,2408,0.0630911520423,0.00169897213683
13681623,Actor,2,0.0540540540541,498,0.101034692635,0,0,184,0.0619737285281,0.0
6672530,Actor,1,0.0333333333333,255,0.0478873239437,4,0.0701754385965,647,0.0532992833018,0.000306568974316
385800,Actor,7,0.148936170213,806,0.0912693919148,3,0.0612244897959,1073,0.118002859342,0.000164213678915
17618476,Actor,0,0,33,0.0352187833511,0,0,0,0,0.0
3640817,Actor,2,0.153846153846,263,0.123706491063,0,0,352,0.0631503408683,0.0
2236824,Actor,15,0.2,1054,0.0888027635016,2,0.0588235294118,439,0.0920335429769,0.000102957539152
20395872,Actor,17,0.0634328358209,2023,0.0345375081094,72,0.0436628259551,10547,0.0256103927639,0.00563379019051
15366634,Actor,1,0.111111111111,39,0.0270833333333,0,0,23,0.0386554621849,0.0
17174724,Actor,0,0,21,0.0112479914301,0,0,23,0.0582278481013,0.0
8924928,Actor,0,0,592,0.0464095327689,0,0,72,0.0144317498497,0.0
24148768,Actor,0,0,278,0.0824192113845,1,0.1,78,0.111269614836,4.81963533409e-05
690394,Actor,18,0.333333333333,1015,0.120704007611,15,0.174418604651,1509,0.0881888843434,0.000573790771541
315567,Actor,7,0.0188679245283,3241,0.0557956169194,0,0,197,0.156225218081,0.0
2101532,Actor,4,0.0606060606061,1014,0.0838570956004,2,0.037037037037,579,0.0589013224822,0.000104239298525
7033,Actor,0,0,329,0.061254887358,0,0,237,0.0589259075087,0.0
3233203,Actor,17,0.111111111111,3952,0.155498721228,5,0.0442477876106,1454,0.0738633477267,0.000484213476875
423807,Actor,1,0.0294117647059,763,0.126366346472,0,0,257,0.232158988257,0.0
187081,Actor,44,0.239130434783,7392,0.167961826858,56,0.213740458015,5783,0.101020158614,0.00476604060362
24752923,Actor,1,0.0625,987,0.18486607979,1,0.0714285714286,105,0.112660944206,5.43041147629e-05
14933005,Actor,1,0.0555555555556,201,0.100701402806,0,0,79,0.34649122807,0.0
22293420,Actor,3,0.125,162,0.0333470564018,1,0.0588235294118,187,0.0209429947363,4.3580941565e-05
7436500,Actor,4,0.0851063829787,410,0.0414727898038,2,0.0869565217391,34,0.0282157676349,9.79248014006e-05
31065592,Actor,0,0,0,0,0,0,0,0,0
2772713,Actor,0,0,82,0.0309200603318,0,0,291,0.0851624231782,0.0
26535296,Actor,0,0,0,0,10,0.285714285714,304,0.0732177263969,0.000438372676143
10130159,Actor,0,0,164,0.0916201117318,0,0,34,0.115254237288,0.0
18135928,Actor,1,0.0151515151515,586,0.0587999197271,0,0,189,0.0566716641679,0.0
21124228,Actor,2,0.153846153846,61,0.0124008944908,3,0.176470588235,106,0.0428976123027,0.000141950231489
21990456,Actor,6,0.0526315789474,1835,0.0797826086957,3,0.051724137931,1591,0.327973613688,0.00016572687544
21038010,Actor,2,0.0666666666667,132,0.0221402214022,1,0.0625,10,0.0529100529101,7.9699428414e-06
14282280,Actor,23,0.328571428571,943,0.0823436954244,2,0.142857142857,188,0.181292189007,0.000116869682274
19283658,Actor,6,0.214285714286,216,0.064228367529,1,0.0833333333333,33,0.0187606594656,4.10895229912e-05
31939403,Actor,0,0,0,0,1,0.1,40,0.0527704485488,9.75644941236e-05
12029551,Actor,8,0.173913043478,109,0.0190061028771,5,0.227272727273,72,0.0200612984118,6.9831334324e-05
169602,Actor,14,0.0588235294118,1642,0.0382982693474,22,0.0264423076923,3203,0.0272867450994,0.0013519296139
685924,Actor,1,0.0175438596491,471,0.0456749418154,2,0.030303030303,500,0.0372245384157,0.000143243327658
159269,Actor,22,0.201834862385,980,0.0460180315552,25,0.0827814569536,2431,0.0520902526302,0.00163940013829
885645,Actor,4,0.0493827160494,1057,0.0744523490878,2,0.04,669,0.101640838651,0.000121131590864
22749579,Actor,0,0,746,0.111326667662,0,0,167,0.0994639666468,0.0
3382632,Actor,2,0.0869565217391,157,0.0196544817226,0,0,205,0.0658317276814,0.0
877706,Actor,4,0.0408163265306,949,0.0617195629553,2,0.0298507462687,439,0.0570055836904,0.000169758791207
7769862,Actor,2,0.0555555555556,587,0.141513982642,2,0.125,257,0.26854754441,4.69247110812e-05
361020,Actor,26,0.142857142857,2037,0.0603001687339,26,0.0734463276836,3891,0.0631645590169,0.00230327559657
11205722,Actor,0,0,98,0.0721118469463,0,0,55,0.197132616487,0.0
11426523,Actor,0,0,39,0.0360443622921,0,0,16,0.0941176470588,0.0
21291344,Actor,1,0.0833333333333,12,0.00352526439483,1,0.111111111111,9,0.00980392156863,5.41944267479e-05
3946904,Actor,1,0.04,313,0.0627883650953,0,0,447,0.0543266893534,0.0
916180,Actor,5,0.0892857142857,692,0.0468612446672,3,0.05,854,0.053629741271,0.000172444450342
1296302,Actor,25,0.157232704403,3325,0.108603344656,37,0.140684410646,4375,0.0797324634142,0.00294235356185
674604,Actor,7,0.0897435897436,3703,0.148440631765,8,0.0963855421687,989,0.0857019064125,0.000542883227188
24145216,Actor,2,0.0571428571429,556,0.128347183749,1,0.0588235294118,478,0.0781301078784,8.17602828178e-05
27717,Actor,14,0.0729166666667,2388,0.0722541603631,31,0.0529914529915,5585,0.0607540684014,0.00260784995629
10615511,Actor,1,0.0263157894737,327,0.037414187643,0,0,43,0.140522875817,0.0
12724795,Actor,1,0.0185185185185,1792,0.137423312883,0,0,174,0.104004781829,0.0
408481,Actor,45,0.394736842105,3149,0.149107438799,48,0.233009708738,4780,0.133266421323,0.00450863822105
17605963,Actor,0,0,81,0.0264187866928,0,0,6,0.25,0.0
453439,Actor,15,0.116279069767,1959,0.0939072911174,8,0.0701754385965,1307,0.0768913989881,0.000369851689178
24647186,Actor,1,0.0384615384615,188,0.0472599296129,0,0,65,0.107973421927,0.0
24722292,Actor,2,0.0769230769231,782,0.254061078622,0,0,41,0.20197044335,0.0
733802,Actor,3,0.0394736842105,856,0.0779883381924,15,0.0810810810811,2420,0.079746918869,0.000768322631185
11864800,Actor,0,0,278,0.0506744440394,0,0,203,0.0938945420907,0.0
15205995,Actor,0,0,189,0.0609480812641,0,0,83,0.0946408209806,0.0
3256366,Actor,1,0.00523560209424,598,0.0341655716163,2,0.0161290322581,495,0.0296353948393,7.6377723636e-05
13153041,Actor,0,0,156,0.112554112554,0,0,194,0.127883981543,0.0
1741221,Actor,0,0,476,0.0891052040434,0,0,48,0.0270574971815,0.0
11434923,Actor,0,0,24,0.0214285714286,0,0,5,0.00377073906486,0.0
3473717,Actor,0,0,799,0.105200789993,0,0,804,0.106068601583,0.0
4585719,Actor,0,0,344,0.0834748847367,0,0,155,0.290262172285,0.0
3422562,Actor,1,0.00961538461538,805,0.046435163821,0,0,104,0.0204966495861,0.0
6270147,Actor,2,0.0909090909091,367,0.0784523300556,0,0,378,0.252,0.0
1347957,Actor,5,0.047619047619,945,0.0560298826041,3,0.0258620689655,384,0.0272921108742,0.000181832638217
1796361,Actor,12,0.1875,1551,0.160775370582,8,0.0869565217391,2918,0.127323501178,0.000389451830995
6204208,Actor,0,0,103,0.0189931772082,0,0,7,0.0583333333333,0.0
13399515,Actor,0,0,354,0.0615545122587,0,0,14,0.0436137071651,0.0
16844183,Actor,5,0.0735294117647,538,0.0381262844589,4,0.0714285714286,929,0.0426616458486,0.000298504159648
26157715,Actor,0,0,0,0,0,0,129,0.0265268352869,0.0
1277712,Actor,24,0.0813559322034,2781,0.046875,16,0.0385542168675,2329,0.0376562272632,0.0012838256429
9406115,Actor,0,0,307,0.0709334565619,0,0,16,0.0531561461794,0.0
2217692,Actor,6,0.0722891566265,852,0.0521930899289,4,0.0655737704918,484,0.0840715650512,0.000186109398509
3120138,Actor,0,0,408,0.0574486060265,0,0,0,0,0.0
2455932,Actor,0,0,342,0.0598949211909,1,0.0285714285714,697,0.125067288713,4.10172830639e-05
2067632,Actor,0,0,95,0.00873563218391,1,0.0555555555556,293,0.101948503827,0.000126469086383
14729201,Actor,0,0,1416,0.15611907387,1,0.0357142857143,172,0.110468850353,3.484344219e-05
2981450,Actor,8,0.0666666666667,4888,0.148229015041,0,0,774,0.0556394220401,0.0
2589652,Actor,0,0,5,0.00227686703097,0,0,2,0.00357142857143,0.0
88604,Actor,20,0.136054421769,1703,0.0717354675653,18,0.0584415584416,2028,0.0414164930768,0.00123836796183
242839,Actor,48,0.248704663212,6018,0.141830265608,45,0.216346153846,4379,0.112466611876,0.00354232295195
2986972,Actor,0,0,198,0.0823284823285,1,0.0769230769231,148,0.127917026793,4.47862031262e-05
206714,Actor,73,0.424418604651,6920,0.20717322316,64,0.229390681004,8109,0.111121769397,0.00728837056946
5781419,Actor,1,0.0333333333333,216,0.0541896638234,0,0,75,0.0297973778308,0.0
1713061,Actor,3,0.0652173913043,219,0.0303997779012,4,0.129032258065,85,0.0996483001172,0.000117288822921
4242222,Actor,0,0,85,0.0263729444617,0,0,198,0.388998035363,0.0
19623084,Actor,0,0,47,0.0350223546945,0,0,163,0.371298405467,0.0
3028029,Actor,7,0.116666666667,574,0.0680417259365,3,0.0491803278689,1959,0.126656753087,0.000277737380406
8693464,Actor,6,0.133333333333,494,0.042934121328,2,0.0625,91,0.0272863568216,9.49514205107e-05
579712,Actor,29,0.190789473684,1704,0.115376802763,32,0.154589371981,2169,0.107744274999,0.00210366316037
530365,Actor,30,0.12,3648,0.0822269807281,30,0.131578947368,3350,0.0760050821309,0.00232604691298
16827,Actor,26,0.132653061224,4217,0.135660286312,72,0.10843373494,10022,0.075135321548,0.00663072400263
512042,Actor,5,0.0714285714286,693,0.0643454038997,0,0,236,0.0443192488263,0.0
728473,Actor,13,0.109243697479,1009,0.0480705097666,14,0.122807017544,663,0.0461377870564,0.000766161405546
5603766,Actor,1,0.111111111111,81,0.06328125,0,0,212,0.281914893617,0.0
1776754,Actor,0,0,178,0.0247703868633,0,0,88,0.0162062615101,0.0
2163531,Actor,0,0,36,0.0346153846154,1,0.0526315789474,72,0.210526315789,4.68499837652e-05
13730915,Actor,0,0,152,0.255892255892,0,0,345,0.454545454545,0.0
520824,Actor,2,0.0512820512821,463,0.0939338608237,4,0.0540540540541,1110,0.0680313802403,0.000254785964736
1666335,Actor,2,0.0869565217391,166,0.0335556903174,5,0.138888888889,321,0.0682978723404,0.00024968370251
6029765,Actor,2,0.0769230769231,288,0.0769436281058,2,0.0952380952381,307,0.0334058759521,9.81704539886e-05
15320147,Actor,1,0.00418410041841,161,0.00258182459629,1,0.0357142857143,14,0.00311734580272,6.37402321749e-05
12048291,Actor,0,0,96,0.0185866408519,0,0,0,0,0.0
741240,Actor,1,0.0263157894737,108,0.00832177531207,2,0.08,149,0.0495510475557,2.88934246928e-05
16784696,Actor,0,0,33,0.00764242704956,0,0,14,0.0630630630631,0.0
1567459,Actor,9,0.116883116883,1112,0.0549379971345,3,0.0588235294118,897,0.0619988941111,0.000168489585143
5632615,Actor,2,0.0350877192982,1073,0.106766169154,2,0.0606060606061,219,0.0651397977394,0.000156056469182
11200363,Actor,0,0,235,0.0626165734079,0,0,78,0.178082191781,0.0
1873388,Actor,11,0.104761904762,972,0.0642559661532,10,0.0188323917137,1436,0.0557626592109,0.000593973348329
1850701,Actor,4,0.0493827160494,151,0.0439720442632,3,0.107142857143,68,0.116040955631,0.000153934359738
20906404,Actor,9,0.473684210526,236,0.0622855634732,0,0,21,0.161538461538,0.0
2439584,Actor,7,0.111111111111,958,0.0515081455992,7,0.0813953488372,1839,0.0997992076844,0.000539658661768
6944155,Actor,15,0.0765306122449,3092,0.107394671946,44,0.0627674750357,8235,0.0716491930221,0.00348088719984
3982129,Actor,3,0.0833333333333,472,0.0471293060409,3,0.136363636364,188,0.0354449472097,0.000111911542918
31810611,Actor,0,0,0,0,0,0,0,0,0.0
365356,Actor,2,0.025641025641,747,0.0618633540373,2,0.0289855072464,1005,0.0673637643274,8.63283560286e-05
3441464,Actor,3,0.0789473684211,403,0.0766742770167,1,0.027027027027,309,0.0597332302339,7.15544241533e-06
7367847,Actor,3,0.25,177,0.0570048309179,0,0,1,0.166666666667,0.0
21299585,Actor,1,0.0555555555556,197,0.0660408984244,1,0.0277777777778,165,0.0334211059348,3.62160749439e-05
2320045,Actor,2,0.0588235294118,374,0.0631863490454,1,0.0526315789474,178,0.0745081624111,2.3944330644e-05
1794603,Actor,9,0.160714285714,516,0.0644677661169,7,0.107692307692,304,0.0380761523046,0.000338379028924
18748972,Actor,19,0.106145251397,1419,0.0556579721514,1,0.0243902439024,264,0.0170995530799,2.30500474056e-06
9517139,Actor,0,0,44,0.0189982728843,0,0,0,0,0.0
25947343,Actor,0,0,0,0,0,0,0,0,0.0
13380596,Actor,1,0.111111111111,99,0.0326732673267,1,0.0769230769231,19,0.142857142857,4.78278884908e-05
1414619,Actor,4,0.0975609756098,676,0.0772924765607,0,0,377,0.0415793537002,0.0
5510246,Actor,1,0.0232558139535,485,0.0689802304082,0,0,255,0.199843260188,0.0
18558938,Actor,0,0,415,0.13430420712,0,0,105,0.12995049505,0.0
9136400,Actor,2,0.05,421,0.072699015714,0,0,145,0.0595972050966,0.0
1088480,Actor,0,0,15,0.00649631875271,0,0,0,0,0.0
599593,Actor,6,0.142857142857,691,0.0950742982939,1,0.0384615384615,244,0.075752871779,0.0
15278851,Actor,1,0.05,85,0.016485647789,1,0.0769230769231,15,0.0197628458498,0.0
1457698,Actor,6,0.125,372,0.0432910508553,6,0.0504201680672,260,0.0275277924828,0.000330959605651
1557054,Actor,0,0,166,0.0163805012828,0,0,181,0.0213443396226,0.0
26091326,Actor,0,0,0,0,0,0,5,0.00954198473282,0.0
25126353,Actor,0,0,0,0,0,0,0,0,0.0
269645,Actor,92,0.327402135231,9619,0.168988598233,102,0.264248704663,11418,0.0980052187049,0.0101293209539
2367454,Actor,12,0.11320754717,1828,0.111579075871,44,0.275,2313,0.0819079995751,0.00332851034527
1147878,Actor,9,0.0978260869565,885,0.0890790135883,11,0.0647058823529,2241,0.0733503534957,0.000721105112894
2100804,Actor,1,0.0666666666667,153,0.0626022913257,1,0.04,67,0.0483405483405,7.44035912882e-05
64673,Actor,67,0.176781002639,6758,0.0882279984856,153,0.119344773791,15456,0.0798305872631,0.0131232894983
2624570,Actor,8,0.173913043478,755,0.0631957813677,4,0.0952380952381,574,0.0889508755618,0.000356632803704
2378360,Actor,3,0.5,65,0.121722846442,1,0.111111111111,17,0.0691056910569,2.72499069858e-05
9434379,Actor,0,0,37,0.00484039769754,0,0,42,0.030523255814,0.0
4340447,Actor,2,0.153846153846,283,0.0979916897507,2,0.0952380952381,100,0.0657894736842,9.72392939763e-05
18307757,Actor,66,0.176,7619,0.102690244494,85,0.0958286358512,12036,0.0830716351363,0.00812001780956
300361,Actor,2,0.0606060606061,634,0.10135891287,1,0.0243902439024,389,0.0467998075072,0.000148862483406
2411577,Actor,0,0,205,0.0789068514242,1,0.111111111111,13,0.105691056911,2.21552586022e-05
10603995,Actor,4,0.0655737704918,736,0.0529229884231,2,0.0327868852459,578,0.0472531066056,0.000132466583904
8896780,Actor,0,0,35,0.0339476236663,0,0,23,0.0579345088161,0.0
17521867,Actor,0,0,66,0.151029748284,0,0,1,0.0714285714286,0.0
27677222,Actor,0,0,0,0,0,0,0,0,0.0
608982,Actor,5,0.227272727273,219,0.0490591397849,0,0,112,0.00972982364695,0.0
12225238,Actor,0,0,250,0.0763591936469,0,0,37,0.0915841584158,0.0
12605656,Actor,2,0.142857142857,29,0.0162011173184,0,0,0,0,0.0
3942393,Actor,2,0.105263157895,141,0.03348373308,2,0.0645161290323,565,0.121793489976,9.38263317714e-05
1671212,Actor,5,0.185185185185,588,0.0576753310446,1,0.0833333333333,42,0.0405405405405,4.73539353911e-05
4663643,Actor,1,0.0454545454545,298,0.0695773990194,1,0.0149253731343,816,0.0971891376846,4.19218644663e-05
3310330,Actor,1,0.0192307692308,882,0.0793665076937,0,0,463,0.117363751584,0.0
8069897,Actor,0,0,283,0.0553382870551,0,0,68,0.0819277108434,0.0
11796910,Actor,0,0,294,0.128384279476,0,0,0,0,0.0
921970,Actor,6,0.0845070422535,677,0.0504771846108,0,0,429,0.0498373605948,0.0
2403753,Actor,11,0.100917431193,1677,0.085622383335,11,0.0990990990991,1493,0.0899560161475,0.000711708288805
9089570,Actor,1,0.037037037037,276,0.0657455931396,0,0,107,0.0135614702155,0.0
1587860,Actor,0,0,99,0.0102219927723,0,0,33,0.00655412115194,0.0
3630069,Actor,0,0,1332,0.212203281823,0,0,46,0.0572851805729,0.0
12425733,Actor,4,0.173913043478,361,0.0483719683773,0,0,18,0.00714853057983,0.0
27238813,Actor,0,0,0,0,0,0,103,0.0926258992806,0.0
22610510,Actor,2,0.0408163265306,515,0.0434599156118,1,0.0714285714286,47,0.0661040787623,4.78278884908e-05
5723725,Actor,7,0.269230769231,257,0.0437074829932,1,0.0434782608696,495,0.0909257898604,0.000181078997523
9874600,Actor,4,0.125,193,0.0325463743676,0,0,26,0.146892655367,0.0
2692224,Actor,8,0.2,544,0.0527796643058,12,0.0794701986755,1665,0.0755684654836,0.000455342315094
305500,Actor,7,0.0564516129032,5387,0.174409945932,17,0.0708333333333,2257,0.0728605094102,0.00141931970445
8779476,Actor,1,0.0277777777778,276,0.061156658542,1,0.111111111111,158,0.276707530648,9.95519698282e-05
30931813,Actor,0,0,0,0,0,0,23,0.0151515151515,0.0
973172,Actor,1,0.01,1654,0.0750521825937,6,0.0363636363636,2431,0.0825018665581,0.000426385544963
5883963,Actor,1,0.0833333333333,33,0.00952655889145,1,0.0833333333333,39,0.0269709543568,4.03878566322e-05
24393588,Actor,0,0,43,0.0257177033493,1,0.111111111111,24,0.161073825503,2.91242327372e-05
29550596,Actor,0,0,0,0,0,0,45,0.0533807829181,0.0
9979482,Actor,2,0.0909090909091,192,0.0394169575036,0,0,15,0.1171875,0.0
235473,Actor,45,0.243243243243,3085,0.0889587358344,9,0.0743801652893,1117,0.0710559796438,0.000475294474307
3949647,Actor,5,0.047619047619,428,0.0797020484171,6,0.122448979592,944,0.130314743236,0.000558585038659
13757431,Actor,1,0.0196078431373,237,0.038517796197,0,0,7,0.0573770491803,0.0
10870134,Actor,0,0,203,0.0749907646842,0,0,2,0.05,0.0
2518098,Actor,1,0.027027027027,675,0.108590733591,1,0.0555555555556,181,0.105049332559,6.85320648016e-05
31798672,Actor,0,0,0,0,0,0,4,0.0869565217391,0.0
1832382,Actor,0,0,160,0.0685812258894,1,0.05,16,0.026402640264,4.73442278515e-05
18786724,Actor,1,0.0333333333333,389,0.0642975206612,0,0,25,0.3125,0.0
2144629,Actor,4,0.125,509,0.0772968868641,0,0,324,0.103812880487,0.0
31659287,Actor,0,0,0,0,0,0,2,0.0147058823529,0.0
32704622,Actor,0,0,0,0,1,0.125,100,0.114416475973,3.13762229245e-05
24328437,Actor,2,0.153846153846,189,0.0324463519313,1,0.0833333333333,113,0.286802030457,0.0
4057222,Actor,1,0.111111111111,149,0.0773222625843,0,0,543,0.2330472103,0.0
2185901,Actor,2,0.166666666667,153,0.0437517872462,1,0.0714285714286,4,0.105263157895,3.99417825617e-05
14277724,Actor,7,0.0469798657718,3361,0.148185706098,52,0.164556962025,5728,0.167495175156,0.0177747062116
60328,Actor,26,0.0653266331658,2788,0.0367645119603,36,0.0274390243902,4452,0.0149659635263,0.00305563047754
4096014,Actor,7,0.0921052631579,874,0.0499857020303,4,0.0481927710843,527,0.0320014573719,0.000208808541657
12025926,Actor,3,0.0491803278689,302,0.0243117050394,1,0.0833333333333,21,0.0314842578711,5.68248380333e-05
689567,Actor,22,0.153846153846,2337,0.101608695652,41,0.138047138047,7314,0.130015109768,0.0038379248395
1265591,Actor,45,0.310344827586,3782,0.157714762302,50,0.322580645161,4592,0.182200531683,0.00445638326428
643639,Actor,10,0.0564971751412,2563,0.0814607634364,38,0.147859922179,3999,0.0805194805195,0.0025463565074
32978481,Actor,0,0,0,0,1,0.2,46,0.0964360587002,0.000122198716752
1041206,Actor,3,0.0681818181818,485,0.0542444916676,3,0.0416666666667,1382,0.110950545922,0.000134551335564
691771,Actor,16,0.133333333333,1726,0.0892035764122,22,0.135802469136,2418,0.109600217569,0.00172246984519
14455821,Actor,2,0.0909090909091,25,0.00312695434647,1,0.142857142857,5,0.028901734104,1.47921292649e-05
8609302,Actor,1,0.0714285714286,203,0.0845833333333,0,0,10,0.0248756218905,0.0
15051595,Actor,1,0.047619047619,236,0.103101791175,0,0,27,0.236842105263,0.0
13847876,Actor,0,0,29,0.0309829059829,0,0,15,0.0592885375494,0.0
4254148,Actor,6,0.133333333333,403,0.0367298578199,3,0.272727272727,141,0.027679623086,0.000207215007774
19492592,Actor,0,0,584,0.230738838404,0,0,31,0.0796915167095,0.0
2712093,Actor,14,0.205882352941,1308,0.109703933574,13,0.16049382716,1832,0.107391992497,0.00132346375799
6755581,Actor,0,0,322,0.0559319089804,0,0,30,0.00677353804471,0.0
1545080,Actor,0,0,220,0.0404411764706,0,0,21,0.0430327868852,0.0
4687345,Actor,4,0.114285714286,788,0.190384150761,2,0.0869565217391,369,0.266233766234,9.63118549449e-05
6578955,Actor,0,0,466,0.058964950019,0,0,544,0.0822995461422,0.0
28027048,Actor,0,0,0,0,0,0,142,0.420118343195,0.0
8453387,Actor,1,0.037037037037,337,0.0685516680228,0,0,74,0.0240650406504,0.0
21406158,Actor,1,0.0344827586207,67,0.00647655872402,1,0.111111111111,9,0.12,3.01505432501e-05
1168902,Actor,2,0.166666666667,39,0.0122103944897,4,0.307692307692,44,0.043956043956,0.000154054489637
4077986,Actor,7,0.368421052632,88,0.0210677519751,1,0.125,36,0.0847058823529,0.0
3364543,Actor,7,0.225806451613,438,0.0697785566353,3,0.0566037735849,689,0.033246477514,9.39637099592e-05
10935351,Actor,23,0.365079365079,1520,0.166065770786,20,0.454545454545,1125,0.239616613419,0.000890281960705
3816103,Actor,0,0,119,0.0409215955983,1,0.0294117647059,433,0.0358354713233,2.99455420368e-05
3590120,Actor,0,0,219,0.0369495528935,0,0,132,0.0116279069767,0.0
10837128,Actor,6,0.146341463415,568,0.071635767436,3,0.136363636364,481,0.131672597865,0.000140006949061
9078629,Actor,3,0.428571428571,46,0.0766666666667,0,0,13,0.121495327103,0.0
14845388,Actor,6,0.157894736842,514,0.0478406552494,0,0,80,0.01026957638,0.0
2262283,Actor,0,0,379,0.0936496170002,0,0,355,0.0778338083754,0.0
10231980,Actor,0,0,1312,0.139619027349,0,0,33,0.0175345377258,0.0
871448,Actor,40,0.136518771331,3779,0.0854977375566,30,0.128755364807,3452,0.0935805682065,0.00149785093347
1530466,Actor,3,0.176470588235,164,0.0474125469789,1,0.0555555555556,163,0.141370338248,6.94766400856e-05
12303441,Actor,4,0.0769230769231,480,0.060263653484,0,0,557,0.0490705664699,0.0
14935122,Actor,0,0,721,0.120892018779,0,0,59,0.183800623053,0.0
81804,Actor,10,0.133333333333,480,0.060293932923,19,0.1,1936,0.104181240919,0.000970014176839
22713435,Actor,2,0.25,91,0.0697318007663,2,0.25,75,0.135869565217,0.000164729650376
8739056,Actor,42,0.428571428571,2129,0.138426527958,33,0.471428571429,2310,0.203130495955,0.00190511249957
24965328,Actor,0,0,0,0,0,0,13,0.00854139290407,0.0
28287518,Actor,0,0,0,0,0,0,0,0,0
2446051,Actor,0,0,201,0.0681355932203,0,0,45,0.229591836735,0.0
22307700,Actor,0,0,43,0.0296756383713,0,0,12,0.093023255814,0.0
8266757,Actor,1,0.1,8,0.00128431529941,0,0,0,0,0.0
12667346,Actor,0,0,181,0.0769557823129,0,0,1,0.2,0.0
6239975,Actor,0,0,310,0.150631681244,0,0,0,0,0.0
9353313,Actor,0,0,544,0.163855421687,0,0,10,0.0205761316872,0.0
61166,Actor,39,0.16049382716,4328,0.0800873410929,39,0.0703971119134,5110,0.0496328528692,0.00308042341589
7102450,Actor,0,0,263,0.0477747502271,3,0.1875,197,0.161873459326,0.000141429168989
543408,Actor,9,0.145161290323,878,0.0820407400486,15,0.131578947368,1277,0.0559523287911,0.00117341065405
594667,Actor,28,0.142131979695,3354,0.0880245649949,27,0.103448275862,4292,0.0664180374801,0.00253148017576
32671989,Actor,0,0,0,0,0,0,0,0,0
28128203,Actor,0,0,0,0,0,0,0,0,0.0
2497114,Actor,0,0,498,0.104293193717,1,0.0666666666667,357,0.0708052360175,2.37900322081e-05
190414,Actor,10,0.116279069767,1447,0.0746877258181,23,0.135294117647,3648,0.0871788744175,0.00314287094631
7461545,Actor,3,0.15,132,0.0268948655257,0,0,207,0.190783410138,0.0
25760426,Actor,0,0,0,0,0,0,4,0.0519480519481,0.0
6115066,Actor,6,0.0857142857143,711,0.0948885626585,2,0.0333333333333,1316,0.100611620795,0.000156350723159
24163173,Actor,0,0,541,0.0813411517065,0,0,80,0.12213740458,0.0
17546054,Actor,2,0.0769230769231,150,0.0229392873528,0,0,31,0.047619047619,0.0
1011622,Actor,11,0.177419354839,1540,0.190782953419,11,0.22,539,0.147630786086,0.000515847221885
27503372,Actor,0,0,0,0,0,0,3,0.0206896551724,0.0
167144,Actor,5,0.0384615384615,1478,0.0592574773474,14,0.0434782608696,3138,0.0691676952918,0.00113570532729
277693,Actor,13,0.127450980392,1992,0.136766220391,18,0.0722891566265,4701,0.103375481034,0.00106185828589
692797,Actor,4,0.056338028169,915,0.0885941130906,3,0.0384615384615,1847,0.120616469666,0.000104679723859
5215025,Actor,0,0,562,0.106077765194,1,0.0333333333333,222,0.0437093916125,5.71586682211e-05
22704125,Actor,1,0.0175438596491,427,0.0498540572096,1,0.0434782608696,125,0.0640040962622,2.44542455101e-05
20096416,Actor,9,0.105882352941,447,0.0273612046275,0,0,133,0.0982274741507,0.0
26563786,Actor,0,0,0,0,0,0,26,0.130653266332,0.0
1815806,Actor,3,0.0652173913043,450,0.105485232068,3,0.0789473684211,344,0.0824149496885,0.000103525830727
21904534,Actor,7,0.0945945945946,579,0.0475408490024,0,0,303,0.034338168631,0.0
8073560,Actor,4,0.16,196,0.0263937516833,4,0.8,32,0.139737991266,0.000145367062282
7609775,Actor,71,0.622807017544,3567,0.230903676851,75,0.490196078431,4725,0.194660734149,0.00516599068556
2396717,Actor,1,0.037037037037,202,0.0322323280677,2,0.046511627907,479,0.0377313903111,5.91983031798e-05
7448542,Actor,1,0.0555555555556,44,0.00955898327178,2,0.0666666666667,448,0.134980415788,9.32877381593e-05
876916,Actor,6,0.0810810810811,516,0.0702805774993,8,0.0516129032258,1700,0.0868809730669,0.000441631510373
4337837,Actor,6,0.125,543,0.055346040159,6,0.162162162162,220,0.054347826087,0.000223559991122
30021042,Actor,0,0,0,0,1,0.0909090909091,206,0.141971054445,4.49156024454e-05
472263,Actor,17,0.202380952381,1017,0.127077345995,17,0.197674418605,1340,0.0711252653928,0.00106550057832
6949502,Actor,1,0.0434782608696,255,0.0794887780549,2,0.111111111111,175,0.230870712401,0.000110567551951
31192807,Actor,0,0,0,0,0,0,101,0.0918181818182,0.0
20067270,Actor,0,0,883,0.106475340649,2,0.111111111111,106,0.145804676754,7.99124232919e-05
4265673,Actor,1,0.0625,197,0.0739767179872,0,0,0,0,0.0
12914077,Actor,0,0,397,0.132333333333,0,0,56,0.0654205607477,0.0
20072992,Actor,2,0.0571428571429,458,0.116866547589,1,0.04,131,0.0977611940299,2.71717477343e-05
19579302,Actor,0,0,48,0.00733832747286,0,0,2,0.153846153846,0.0
2338784,Actor,2,0.0178571428571,583,0.0399424499863,10,0.0185528756957,1005,0.0232353825168,0.000784777391468
17273936,Actor,0,0,311,0.0490072486606,0,0,68,0.0985507246377,0.0
915085,Actor,1,0.0555555555556,152,0.0714285714286,0,0,72,0.0295445219532,0.0
16443916,Nonactor,0,0.0,35,0.00356597045339,0,0.0,4,0.00613496932515,0.0
7605362,Nonactor,0,0.0,13,7.23025583982e-05,0,0.0,37,0.000329002943243,0.0
33282189,Nonactor,0,0,0,0,0,0.0,0,0.0,0.0
29218907,Nonactor,0,0,0,0,0,0,0,0,0
1857592,Nonactor,0,0.0,0,0.0,0,0,0,0,0
19357397,Nonactor,1,0.00793650793651,81,0.00548520349428,0,0.0,29,0.0026455026455,0.0
23215122,Nonactor,0,0.0,1,0.000196116885664,0,0.0,1,0.000597371565114,0.0
33373657,Nonactor,0,0,0,0,0,0,0,0,0
21490944,Nonactor,0,0.0,0,0.0,0,0.0,0,0.0,0.0
1481586,Nonactor,0,0.0,93,0.0543859649123,57,0.367741935484,2522,0.0845741113347,0.00407734409306
22799662,Nonactor,0,0.0,1,0.0010101010101,0,0.0,0,0,0
2390776,Nonactor,0,0.0,12,0.000439608748214,0,0.0,13,0.000489974370571,0.0
29461467,Nonactor,0,0,0,0,0,0.0,0,0,0.0
23908207,Nonactor,0,0.0,19,0.00366866190384,0,0.0,0,0.0,0.0
22486408,Nonactor,0,0.0,0,0.0,0,0.0,0,0,0.0
21439118,Nonactor,1,0.1,3,0.0140186915888,0,0.0,13,0.0730337078652,0.0
25893127,Nonactor,0,0,0,0,0,0,0,0,0
7574999,Nonactor,3,0.030612244898,173,0.0116655428186,1,0.012987012987,21,0.00262237762238,9.36045312554e-05
16546682,Nonactor,0,0.0,3,0.000650759219089,0,0,0,0,0
4242591,Nonactor,0,0.0,0,0.0,0,0.0,0,0.0,0.0
3199027,Nonactor,0,0.0,13,0.0011359664453,0,0.0,5,0.000994233446013,0.0
33089070,Nonactor,0,0,0,0,0,0.0,266,0.00153645321904,0.0
866959,Nonactor,0,0.0,61,0.000771292737204,0,0.0,227,0.000914220355297,0.0
6148141,Nonactor,0,0.0,0,0.0,0,0.0,0,0.0,0.0
1133183,Nonactor,0,0.0,0,0.0,0,0.0,0,0.0,0.0
4939721,Nonactor,0,0.0,0,0.0,0,0,0,0,0
21110349,Nonactor,0,0.0,0,0.0,0,0.0,0,0.0,0.0
31364446,Nonactor,0,0,0,0,0,0.0,0,0.0,0
30985160,Nonactor,0,0,0,0,0,0.0,0,0.0,0
31205267,Nonactor,0,0,0,0,0,0.0,8,0.000499375780275,0.0
25504909,Nonactor,0,0,0,0,0,0.0,0,0.0,0.0
22150826,Nonactor,0,0.0,0,0.0,0,0.0,0,0.0,0
16620096,Nonactor,0,0.0,2,0.0005,0,0.0,0,0.0,0
12186968,Nonactor,0,0.0,69,0.00341990483743,0,0.0,75,0.00348983295333,0.0
6218047,Nonactor,0,0.0,3,0.000173300213737,0,0.0,0,0.0,0.0
962075,Nonactor,0,0.0,0,0.0,0,0.0,0,0.0,0
10950312,Nonactor,0,0.0,0,0.0,0,0.0,0,0.0,0
3168771,Nonactor,0,0.0,1,4.13325617922e-05,0,0.0,4,0.000238279621135,0.0
1598756,Nonactor,0,0.0,5,0.000621195179525,0,0.0,4,0.000534045393858,0.0
21564683,Nonactor,0,0.0,1,0.00104166666667,0,0.0,0,0.0,0
16258940,Nonactor,0,0.0,67,0.00106927975231,0,0.0,12,0.00112771356076,0.0
18153981,Nonactor,46,0.4,3166,0.169051687313,2,0.0625,277,0.0521166509878,5.62502380502e-05
2770256,Nonactor,0,0.0,2,1.18262720634e-05,0,0.0,1,5.80527932101e-06,0.0
20536542,Nonactor,0,0.0,1,0.0042735042735,0,0,0,0,0
21561394,Nonactor,0,0.0,3,0.000465188401303,0,0,0,0,0
2831466,Nonactor,0,0.0,2,0.001554001554,0,0.0,0,0.0,0
985300,Nonactor,0,0.0,3,0.000380469245403,0,0.0,0,0.0,0.0
782400,Nonactor,0,0.0,0,0.0,0,0.0,0,0.0,0
3800973,Nonactor,0,0.0,28,0.00868486352357,0,0.0,1,0.00218340611354,0.0
13346698,Nonactor,0,0.0,51,0.00909739564752,0,0.0,1,0.0049504950495,0.0
1490455,Nonactor,0,0.0,0,0.0,0,0,0,0,0
14708265,Nonactor,0,0.0,22,0.00400145507457,0,0.0,2,0.00446428571429,0.0
25335570,Nonactor,0,0,0,0,0,0.0,0,0.0,0
28255175,Nonactor,0,0,0,0,0,0.0,0,0.0,0
32261188,Nonactor,0,0,0,0,0,0,0,0,0
477661,Nonactor,0,0.0,0,0.0,0,0.0,4,0.000115797701416,0.0
25928124,Nonactor,0,0,0,0,0,0.0,0,0.0,0
27546919,Nonactor,0,0,0,0,0,0,0,0,0
12706476,Nonactor,0,0.0,0,0.0,0,0.0,0,0.0,0.0
6831173,Nonactor,0,0.0,3,0.000269954107802,0,0.0,0,0.0,0
28217341,Nonactor,0,0,0,0,0,0,0,0,0
9409835,Nonactor,0,0.0,0,0.0,0,0.0,1,0.000724112961622,0.0
8027292,Nonactor,0,0.0,0,0.0,0,0.0,1,0.000667556742323,0.0
12413075,Nonactor,0,0.0,9,0.00512820512821,0,0.0,0,0.0,0.0
18538301,Nonactor,0,0.0,2,0.000310029452798,0,0.0,1,0.000175839634254,0.0
9810024,Nonactor,0,0.0,4,0.00202736948809,0,0.0,8,0.00868621064061,0.0
13860898,Nonactor,0,0.0,0,0.0,0,0.0,0,0.0,0.0
16993242,Nonactor,0,0.0,0,0.0,0,0.0,0,0,0.0
1068017,Nonactor,0,0.0,132,0.00808526277104,5,0.0510204081633,7,0.000825666430762,0.000208021607704
14701570,Nonactor,0,0.0,0,0.0,0,0.0,0,0.0,0
65427,Nonactor,0,0.0,2,0.00017490161784,3,0.0188679245283,145,0.00403237019939,0.000172537553938
13641053,Nonactor,0,0.0,0,0.0,0,0.0,0,0,0.0
30561900,Nonactor,0,0,0,0,0,0.0,0,0.0,0
30946984,Nonactor,0,0,0,0,0,0,0,0,0
10653543,Nonactor,0,0.0,7,0.000202066855262,0,0.0,0,0.0,0.0
10359985,Nonactor,0,0.0,133,0.0246296296296,0,0.0,0,0.0,0.0
6722045,Nonactor,0,0.0,10,0.00134571390122,0,0.0,0,0.0,0
32778750,Nonactor,0,0,0,0,0,0.0,0,0,0.0
23440076,Nonactor,0,0.0,33,0.00153795964021,0,0.0,0,0.0,0.0
32453641,Nonactor,0,0,0,0,0,0.0,0,0.0,0
28705152,Nonactor,0,0,0,0,0,0,0,0,0
130011,Nonactor,0,0.0,7,0.000580286827489,0,0.0,13,0.00318003913894,0.0
33269868,Nonactor,0,0,0,0,0,0.0,0,0.0,0.0
225027,Nonactor,0,0.0,35,0.0393258426966,0,0.0,3,0.00597609561753,0.0
1336472,Nonactor,0,0.0,0,0.0,0,0.0,0,0,0
2634046,Nonactor,0,0.0,4,0.00107123727906,0,0,0,0,0
27203831,Nonactor,0,0,0,0,0,0.0,0,0.0,0
2984024,Nonactor,0,0.0,0,0.0,0,0.0,1,0.000513083632632,0.0
117587,Nonactor,0,0.0,4,0.000423998304007,0,0.0,15,0.000816282107096,0.0
25908545,Nonactor,0,0,0,0,0,0.0,0,0.0,0
1049741,Nonactor,0,0.0,3,0.00210526315789,0,0.0,0,0.0,0.0
19214242,Nonactor,0,0.0,1,0.000233208955224,0,0.0,0,0.0,0
17184234,Nonactor,0,0.0,1,4.74405806727e-05,0,0.0,0,0.0,0.0
15607037,Nonactor,0,0.0,8,2.3625023625e-05,0,0.0,0,0.0,0
16700435,Nonactor,0,0.0,0,0.0,0,0.0,0,0.0,0.0
4895948,Nonactor,0,0.0,3,0.00426136363636,0,0.0,0,0.0,0
3201200,Nonactor,0,0.0,3,0.00050994390617,0,0.0,1,7.93335977787e-05,0.0
25498265,Nonactor,0,0,0,0,0,0,0,0,0
5807729,Nonactor,0,0.0,0,0.0,0,0.0,0,0.0,0.0
15179569,Nonactor,0,0.0,2,0.000339270568278,0,0.0,1,0.000941619585687,0.0
22391973,Nonactor,0,0.0,0,0.0,0,0.0,0,0.0,0
21868872,Nonactor,0,0.0,0,0.0,0,0.0,0,0.0,0.0
2256414,Nonactor,0,0.0,9,0.00104882880783,0,0,0,0,0
2842462,Nonactor,0,0.0,414,0.023159543522,0,0.0,25,0.00541711809317,0.0
4059899,Nonactor,0,0.0,1,0.000123685837972,0,0.0,0,0.0,0.0
3899146,Nonactor,0,0.0,6,0.000655809378074,0,0.0,6,0.00149142431022,0.0
5156374,Nonactor,0,0.0,7,0.00101302460203,0,0.0,1,0.000217296827466,0.0
24504350,Nonactor,0,0.0,33,0.0236389684814,0,0.0,0,0,0.0
32188000,Nonactor,0,0,0,0,0,0.0,0,0.0,0.0
7127312,Nonactor,2,0.020202020202,313,0.0121813582409,2,0.0196078431373,290,0.0121603488762,7.54305224103e-05
12954184,Nonactor,0,0.0,0,0.0,0,0.0,0,0.0,0.0
353612,Nonactor,0,0.0,49,0.00117084826762,0,0,0,0,0
10614119,Nonactor,0,0.0,0,0.0,0,0.0,0,0.0,0
354193,Nonactor,0,0.0,7,0.00120502668273,0,0.0,0,0.0,0
1294418,Nonactor,0,0.0,9,0.00104070305273,0,0.0,7,0.000644507872203,0.0
26557185,Nonactor,0,0,0,0,0,0.0,0,0.0,0
18368740,Nonactor,0,0.0,0,0.0,0,0.0,0,0,0
17642232,Nonactor,0,0.0,1,0.0004502476362,0,0.0,0,0.0,0.0
4966065,Nonactor,0,0.0,0,0.0,0,0.0,0,0.0,0.0
33427503,Nonactor,0,0,0,0,1,0.0114942528736,261,0.0135051226327,9.02131083855e-05
1939910,Nonactor,0,0.0,22,0.000346620450607,0,0.0,9,0.00103734439834,0.0
5082458,Nonactor,0,0.0,3,0.00106194690265,0,0.0,0,0.0,0
10575637,Nonactor,0,0.0,0,0.0,0,0.0,1,0.000308451573103,0.0
17088644,Nonactor,0,0.0,0,0.0,0,0.0,0,0.0,0
274643,Nonactor,0,0.0,70,0.00235254579062,0,0,0,0,0
12910034,Nonactor,0,0.0,0,0.0,0,0.0,0,0.0,0
24426410,Nonactor,0,0.0,31,0.00308549815865,0,0.0,0,0.0,0.0
15916142,Nonactor,0,0.0,13,0.00180480355407,0,0.0,0,0.0,0.0
6826029,Nonactor,0,0.0,0,0.0,0,0.0,0,0.0,0
7744705,Nonactor,0,0.0,69,0.0059303824667,0,0.0,92,0.0241343126967,0.0
23857649,Nonactor,0,0.0,1,0.000284010224368,0,0.0,0,0.0,0.0
14710099,Nonactor,0,0.0,1,8.44665934623e-05,0,0.0,0,0.0,0.0
13067548,Nonactor,0,0.0,3,0.000174774249927,0,0.0,0,0.0,0.0
14622646,Nonactor,0,0.0,2,0.000342994340593,0,0.0,3,0.00476947535771,0.0
13569240,Nonactor,0,0.0,0,0.0,0,0.0,0,0,0
9204601,Nonactor,0,0.0,0,0.0,0,0.0,0,0.0,0
9526199,Nonactor,0,0.0,10,0.00119075970469,0,0.0,4,0.000916170407696,0.0
13185683,Nonactor,0,0.0,8,0.00107570256824,0,0.0,29,0.00209810447113,0.0
13259360,Nonactor,0,0.0,84,0.0115400467097,0,0.0,0,0.0,0.0
14271385,Nonactor,1,0.25,10,0.0174216027875,0,0.0,0,0.0,0.0
25510679,Nonactor,0,0,0,0,0,0.0,1,0.000315357931252,0.0
14886428,Nonactor,0,0.0,59,0.0100220825548,0,0.0,12,0.0270880361174,0.0
11696482,Nonactor,0,0.0,16,0.0296296296296,0,0.0,2,0.00409836065574,0.0
27195932,Nonactor,0,0,0,0,0,0,0,0,0
444244,Nonactor,0,0.0,4,0.000453206435531,0,0.0,0,0.0,0.0
14769601,Nonactor,0,0.0,558,0.0350458485115,0,0.0,0,0.0,0.0
28902739,Nonactor,0,0,0,0,0,0.0,0,0.0,0
11107842,Nonactor,0,0.0,80,0.000335626783017,0,0.0,7,5.75998946745e-05,0.0
9503733,Nonactor,0,0.0,37,0.000587040680333,0,0.0,80,0.000219755467104,0.0
32154337,Nonactor,0,0,0,0,0,0.0,3,0.00920245398773,0.0
25765716,Nonactor,0,0,0,0,0,0.0,0,0.0,0.0
27974289,Nonactor,0,0,0,0,0,0.0,0,0.0,0
9741012,Nonactor,0,0.0,2,0.00276243093923,0,0.0,3,0.00903614457831,0.0
5991141,Nonactor,0,0.0,210,0.00517866390471,0,0.0,3,0.000737825873094,0.0
20660520,Nonactor,0,0.0,0,0.0,0,0.0,0,0,0.0
31191708,Nonactor,0,0,0,0,0,0.0,0,0.0,0
14569778,Nonactor,0,0.0,3,0.000819672131148,0,0.0,0,0.0,0.0
725250,Nonactor,0,0.0,7,0.00129079845104,0,0.0,0,0.0,0.0
31787448,Nonactor,0,0,0,0,0,0,0,0,0
18263843,Nonactor,0,0.0,0,0.0,0,0.0,0,0.0,0
12736460,Nonactor,0,0.0,0,0.0,0,0.0,0,0.0,0.0
13730424,Nonactor,0,0.0,0,0.0,0,0.0,0,0.0,0.0
25462999,Nonactor,0,0,0,0,0,0.0,0,0.0,0.0
15856201,Nonactor,1,0.027027027027,206,0.0358572671889,1,0.0416666666667,90,0.0690713737529,3.15052713892e-05
201370,Nonactor,11,0.0647058823529,605,0.021057394452,8,0.00288496213487,1941,0.0066283965837,0.000629808938921
1762440,Nonactor,0,0.0,14,0.00550314465409,0,0.0,0,0.0,0.0
12702103,Nonactor,0,0.0,0,0.0,0,0.0,0,0.0,0
8593570,Nonactor,1,0.00909090909091,248,0.0118399694452,1,0.00900900900901,212,0.0112502653364,8.40101937494e-05
12371252,Nonactor,0,0.0,4,0.00358102059087,0,0.0,0,0.0,0.0
11928428,Nonactor,1,0.0833333333333,68,0.0311212814645,0,0.0,2,0.0392156862745,0.0
1388195,Nonactor,0,0.0,0,0.0,0,0.0,0,0.0,0.0
8658372,Nonactor,0,0.0,1,0.000206654267411,0,0.0,0,0.0,0.0
16883684,Nonactor,0,0.0,136,0.0120599450208,0,0.0,10,0.00224567707164,0.0
9246010,Nonactor,12,0.105263157895,1409,0.0886609614901,4,0.0547945205479,608,0.0900874203586,0.000307675345379
8380583,Nonactor,0,0.0,15,0.00609260763607,0,0.0,0,0.0,0
27733715,Nonactor,0,0,0,0,0,0.0,0,0,0
20604536,Nonactor,0,0.0,1,0.000512820512821,0,0.0,0,0.0,0.0
19267625,Nonactor,0,0.0,0,0.0,0,0.0,0,0.0,0
27802679,Nonactor,0,0,0,0,0,0,0,0,0
31684240,Nonactor,0,0,0,0,0,0.0,0,0.0,0
25815868,Nonactor,0,0,0,0,0,0.0,0,0.0,0
8957782,Nonactor,0,0.0,222,0.0401737242128,1,0.0454545454545,130,0.0563502384049,3.17886038035e-05
21079763,Nonactor,0,0.0,0,0.0,0,0.0,0,0.0,0.0
3222645,Nonactor,0,0.0,47,0.013726635514,0,0.0,1,0.00245098039216,0.0
19778666,Nonactor,0,0.0,1,0.00024727992087,0,0.0,0,0.0,0
11776632,Nonactor,0,0.0,4,0.000448631673396,0,0,0,0,0
29614480,Nonactor,0,0,0,0,0,0.0,0,0.0,0
8162450,Nonactor,0,0.0,0,0.0,0,0.0,0,0.0,0.0
10829204,Nonactor,0,0.0,316,0.0084358899063,0,0.0,0,0.0,0.0
756395,Nonactor,0,0.0,5,0.0040192926045,0,0.0,1,0.00324675324675,0.0
24764244,Nonactor,0,0.0,127,0.0224738984251,0,0.0,0,0.0,0
17010772,Nonactor,0,0.0,78,0.000456001683699,0,0.0,6,5.57056513383e-05,0.0
2925294,Nonactor,5,0.0390625,532,0.0453035851145,2,0.0157480314961,1079,0.0816249338074,0.000153268054952
11410329,Nonactor,0,0.0,3,0.000847457627119,0,0.0,0,0.0,0
491812,Nonactor,0,0.0,570,0.0160926030491,0,0.0,0,0.0,0.0
5427488,Nonactor,0,0.0,30,0.00542103361041,0,0.0,0,0.0,0.0
14052681,Nonactor,12,0.235294117647,904,0.171732522796,10,0.263157894737,446,0.11702965101,0.000793792547329
14483365,Nonactor,0,0.0,2,0.000410424789657,0,0.0,0,0.0,0.0
13758922,Nonactor,0,0.0,4,0.000632611102325,0,0.0,0,0.0,0.0
15931440,Nonactor,0,0.0,0,0.0,0,0.0,0,0.0,0.0
898769,Nonactor,0,0.0,3,0.000501253132832,0,0.0,0,0.0,0.0
2030314,Nonactor,0,0.0,0,0.0,0,0.0,0,0.0,0
22005131,Nonactor,0,0.0,0,0.0,0,0,0,0,0
25659767,Nonactor,0,0,0,0,0,0.0,0,0.0,0.0
3695288,Nonactor,0,0.0,0,0.0,0,0.0,0,0.0,0
2781797,Nonactor,0,0.0,0,0.0,0,0.0,1,0.000358551452133,0.0
2199635,Nonactor,0,0.0,15,0.0872093023256,0,0.0,3,0.0114503816794,0.0
26289820,Nonactor,0,0,0,0,0,0.0,0,0.0,0
16514083,Nonactor,0,0.0,2,9.64041260966e-05,0,0.0,0,0.0,0
25692034,Nonactor,0,0,0,0,0,0.0,1,0.000617283950617,0.0
3070392,Nonactor,0,0.0,1,0.000645577792124,0,0.0,2,0.000651465798046,0.0
25691222,Nonactor,0,0,0,0,0,0.0,3,0.000540054005401,0.0
27439976,Nonactor,0,0,0,0,0,0,0,0,0
6932883,Nonactor,0,0.0,0,0.0,0,0.0,0,0.0,0
4552831,Nonactor,0,0.0,0,0.0,0,0.0,0,0.0,0.0
1103688,Nonactor,0,0.0,1,0.000429553264605,0,0.0,0,0.0,0.0
3390594,Nonactor,0,0.0,2,0.0078431372549,0,0.0,0,0.0,0.0
4098583,Nonactor,0,0.0,190,0.0361491628615,0,0.0,109,0.0167254871874,0.0
31350912,Nonactor,0,0,0,0,0,0,0,0,0
29496347,Nonactor,0,0,0,0,0,0.0,0,0,0.0
14799803,Nonactor,0,0.0,0,0.0,0,0.0,0,0.0,0
8923479,Nonactor,0,0.0,0,0.0,0,0.0,0,0.0,0.0
20014949,Nonactor,0,0.0,0,0.0,0,0.0,0,0.0,0
31722140,Nonactor,0,0,0,0,0,0.0,0,0.0,0
5806920,Nonactor,0,0.0,0,0.0,0,0.0,0,0.0,0.0
27074399,Nonactor,0,0,0,0,0,0.0,0,0.0,0
685218,Nonactor,0,0.0,66,0.00153892788024,0,0.0,46,0.00106693881338,0.0
7038743,Nonactor,0,0.0,0,0.0,0,0.0,0,0,0.0
26274290,Nonactor,0,0,0,0,0,0.0,0,0.0,0
18893398,Nonactor,0,0.0,35,0.0186071238703,0,0.0,0,0.0,0.0
6942048,Nonactor,0,0.0,2,0.000633312222926,0,0.0,0,0.0,0.0
26220458,Nonactor,0,0,0,0,0,0.0,0,0.0,0
1311714,Nonactor,0,0.0,0,0.0,0,0.0,0,0.0,0
1959841,Nonactor,0,0.0,314,0.0292719306423,0,0.0,13,0.00224137931034,0.0
20571699,Nonactor,0,0.0,0,0.0,0,0.0,0,0.0,0
23227522,Nonactor,0,0.0,0,0.0,0,0.0,0,0.0,0
558193,Nonactor,0,0.0,5,0.000230086052184,0,0.0,57,0.000537598913484,0.0
20535919,Nonactor,1,0.0153846153846,191,0.0174190606475,0,0.0,7,0.00455136540962,0.0
5228861,Nonactor,0,0.0,0,0.0,0,0.0,0,0.0,0.0
20891339,Nonactor,0,0.0,8,0.00778210116732,0,0.0,0,0.0,0.0
23431478,Nonactor,0,0.0,0,0.0,0,0.0,0,0,0.0
12270529,Nonactor,0,0.0,2,0.000160243570227,0,0.0,0,0.0,0.0
45381,Nonactor,0,0.0,15,9.77364244106e-05,0,0.0,36,0.00024968615837,0.0
17921919,Nonactor,0,0.0,4,0.0030487804878,0,0.0,3,0.0104529616725,0.0
19367385,Nonactor,0,0.0,0,0.0,0,0.0,0,0.0,0.0
4198583,Nonactor,0,0.0,204,0.0368231046931,0,0.0,406,0.038792279763,0.0
4176617,Nonactor,1,0.0285714285714,33,0.00396920856387,0,0,0,0,0
22031583,Nonactor,0,0.0,0,0.0,0,0,0,0,0
6913068,Nonactor,0,0.0,50,0.00800897004645,0,0.0,36,0.00557707203718,0.0
21058416,Nonactor,0,0.0,2,0.000910332271279,0,0.0,0,0.0,0.0
3661813,Nonactor,0,0.0,5,0.000319244030137,0,0.0,1,0.000215842866393,0.0
314367,Nonactor,0,0.0,105,0.00641848523748,1,0.002457002457,266,0.00915536587045,4.85123937504e-05
30162668,Nonactor,0,0,0,0,0,0.0,0,0.0,0
699860,Nonactor,0,0.0,38,0.00549212313918,0,0.0,22,0.00270137524558,0.0
149936,Nonactor,1,0.111111111111,13,0.0043771043771,0,0.0,2,0.00412371134021,0.0
17217921,Nonactor,0,0.0,0,0.0,0,0.0,0,0.0,0.0
3577891,Nonactor,0,0.0,5,8.98876404494e-05,0,0.0,412,0.00337265367267,0.0
18098300,Nonactor,0,0.0,0,0.0,0,0.0,1,0.000191717791411,0.0
17160434,Nonactor,0,0.0,1,0.000150217815833,0,0.0,0,0.0,0
32905915,Nonactor,0,0,0,0,0,0.0,0,0,0.0
2309083,Nonactor,0,0.0,1,0.00016241676141,0,0.0,0,0.0,0
109559,Nonactor,1,0.00411522633745,257,0.0044722096544,0,0.0,152,0.00179853986961,0.0
27924813,Nonactor,0,0,0,0,0,0.0,1,0.00724637681159,0.0
23924896,Nonactor,0,0.0,0,0.0,0,0.0,0,0.0,0
4044541,Nonactor,0,0.0,1,0.000211371803001,0,0.0,0,0.0,0
32977976,Nonactor,0,0,0,0,0,0,0,0,0
2078923,Nonactor,0,0.0,239,0.00148807670755,0,0.0,118,0.00191266573735,0.0
6256946,Nonactor,0,0.0,8,0.00378071833648,0,0.0,0,0.0,0.0
12890988,Nonactor,0,0.0,0,0.0,0,0.0,0,0.0,0
7110855,Nonactor,0,0.0,0,0.0,0,0.0,2,0.000200702458605,0.0
2932886,Nonactor,0,0.0,1,0.000346140533056,0,0.0,0,0.0,0.0
14656510,Nonactor,0,0.0,46,0.00623306233062,0,0,0,0,0
26115652,Nonactor,0,0,0,0,2,0.1,31,0.0185074626866,0.000125024164777
18718316,Nonactor,0,0.0,2,0.000753579502638,0,0.0,14,0.00934579439252,0.0
375494,Nonactor,0,0.0,0,0.0,0,0.0,63,0.0246575342466,0.0
24982371,Nonactor,0,0,0,0,0,0.0,6,0.000781351738508,0.0
17836210,Nonactor,0,0.0,34,0.00354092897313,0,0.0,13,0.00843060959792,0.0
6771843,Nonactor,0,0.0,0,0.0,0,0.0,6,4.46196177586e-05,0.0
20953483,Nonactor,0,0.0,0,0.0,0,0.0,0,0.0,0.0
4262991,Nonactor,0,0.0,0,0.0,0,0.0,1,0.000116590882593,0.0
33573204,Nonactor,0,0,0,0,0,0.0,0,0.0,0
33054455,Nonactor,0,0,0,0,0,0.0,0,0.0,0.0
1505524,Nonactor,0,0.0,0,0.0,0,0,0,0,0
5963064,Nonactor,0,0.0,63,0.0124235850917,0,0.0,136,0.110569105691,0.0
25892893,Nonactor,0,0,0,0,0,0.0,0,0.0,0
32552004,Nonactor,0,0,0,0,0,0.0,0,0.0,0
32867564,Nonactor,0,0,0,0,0,0.0,1,0.000754716981132,0.0
3870600,Nonactor,0,0.0,1,0.000136649357748,0,0.0,1,0.000824402308326,0.0
4912715,Nonactor,0,0.0,0,0.0,0,0.0,0,0.0,0
32716216,Nonactor,0,0,0,0,0,0.0,0,0,0.0
23499269,Nonactor,0,0.0,0,0.0,0,0.0,6,0.000293671381724,0.0
6235029,Nonactor,0,0.0,88,0.00629110666285,0,0.0,0,0.0,0
26519723,Nonactor,0,0,0,0,0,0.0,0,0.0,0.0
24115395,Nonactor,0,0.0,0,0.0,0,0.0,0,0.0,0.0
2031833,Nonactor,9,0.0344827586207,1341,0.0266124230998,1,0.00704225352113,289,0.0147201140936,0.000177856399069
18088598,Nonactor,0,0.0,170,0.0141962421712,0,0.0,1,0.000624609618988,0.0
22839537,Nonactor,0,0.0,0,0.0,0,0.0,0,0.0,0
3880678,Nonactor,4,0.142857142857,162,0.04,0,0.0,4,0.00546448087432,0.0
30175442,Nonactor,0,0,0,0,0,0.0,0,0.0,0
14189436,Nonactor,0,0.0,13,0.000486946098813,0,0.0,6,0.000387521798101,0.0
5658914,Nonactor,0,0.0,0,0.0,0,0.0,0,0.0,0.0
27242227,Nonactor,0,0,0,0,0,0,0,0,0
1835978,Nonactor,0,0.0,0,0.0,0,0.0,0,0.0,0.0
5606315,Nonactor,0,0.0,90,0.0107360133604,0,0.0,28,0.0061919504644,0.0
399768,Nonactor,0,0.0,4,0.000289121792555,0,0.0,2,0.000233672157962,0.0
11821029,Nonactor,0,0.0,4,0.000320744126373,0,0.0,0,0.0,0.0
3202532,Nonactor,0,0.0,0,0.0,0,0.0,0,0,0.0
15904652,Nonactor,0,0.0,0,0.0,0,0.0,0,0.0,0.0
1572698,Nonactor,0,0.0,28,0.00571428571429,0,0.0,0,0.0,0.0
19399801,Nonactor,0,0.0,1,0.000212269157291,0,0.0,0,0.0,0
19806782,Nonactor,1,0.0526315789474,50,0.0323206205559,0,0.0,1,0.0625,0.0
384578,Nonactor,0,0.0,9,0.000926784059314,0,0.0,17,0.00342811050615,0.0
21051238,Nonactor,0,0.0,6,0.000131073051381,0,0.0,0,0.0,0.0
18808943,Nonactor,0,0.0,1,0.000306278713629,0,0.0,0,0.0,0.0
8916705,Nonactor,0,0.0,331,0.0244280442804,0,0.0,693,0.0135467980296,0.0
11037313,Nonactor,0,0.0,0,0.0,0,0.0,0,0.0,0.0
5390191,Nonactor,0,0.0,7,0.000816612225852,0,0.0,0,0.0,0.0
12250032,Nonactor,0,0.0,1,0.000188750471876,0,0.0,0,0.0,0
33204088,Nonactor,0,0,0,0,0,0.0,0,0.0,0
4318225,Nonactor,0,0.0,0,0.0,0,0.0,0,0.0,0
7120220,Nonactor,0,0.0,0,0.0,0,0.0,0,0.0,0
24001767,Nonactor,0,0.0,0,0.0,0,0.0,0,0.0,0
2854390,Nonactor,0,0.0,0,0.0,0,0.0,0,0.0,0
22568364,Nonactor,0,0.0,0,0.0,0,0.0,0,0,0
30058662,Nonactor,0,0,0,0,0,0.0,0,0,0
19984430,Nonactor,0,0.0,5,0.000871080139373,0,0.0,0,0.0,0.0
6237100,Nonactor,0,0.0,1,0.000107123727906,0,0.0,0,0.0,0.0
1157650,Nonactor,0,0.0,1,1.17572365791e-05,0,0.0,10,9.71335878233e-05,0.0
89777,Nonactor,0,0.0,4,0.000311502219453,0,0.0,659,0.00446637342677,0.0
24884384,Nonactor,0,0,0,0,0,0.0,0,0.0,0.0
6818974,Nonactor,0,0.0,434,0.0198608822991,0,0.0,3,0.00608519269777,0.0
1786658,Nonactor,0,0.0,1,6.08457560085e-05,0,0.0,15,0.000868910386375,0.0
7133292,Nonactor,0,0.0,1,7.97575370873e-05,0,0.0,1,0.000158553987633,0.0
3153142,Nonactor,0,0.0,7,0.0011927074459,0,0.0,0,0.0,0.0
12094028,Nonactor,0,0.0,624,0.0526849037487,0,0.0,0,0.0,0.0
25569138,Nonactor,0,0,0,0,0,0.0,0,0,0
268328,Nonactor,0,0.0,9,0.000547511862757,0,0.0,27,0.000206638451589,0.0
12071620,Nonactor,0,0.0,1,0.000490196078431,0,0.0,3,0.00130775937228,0.0
24438474,Nonactor,0,0.0,1,0.000310945273632,0,0.0,0,0,0
8305517,Nonactor,1,0.0714285714286,14,0.0126811594203,0,0.0,0,0.0,0
3980842,Nonactor,2,0.0110497237569,368,0.0128500593617,0,0.0,126,0.0511363636364,0.0
1284796,Nonactor,0,0.0,74,0.00285901943361,0,0.0,0,0.0,0
15497594,Nonactor,0,0.0,1,6.50304993042e-06,0,0.0,0,0.0,0
25701038,Nonactor,0,0,0,0,0,0,0,0,0
4786263,Nonactor,0,0.0,2,0.000308784931295,0,0.0,0,0.0,0.0
19364767,Nonactor,1,0.0344827586207,432,0.0872198667474,0,0.0,4,0.0102564102564,0.0
28638052,Nonactor,0,0,0,0,0,0.0,0,0.0,0
23523241,Nonactor,0,0.0,0,0.0,0,0.0,0,0.0,0.0
11448014,Nonactor,0,0.0,19,0.00508293204922,0,0.0,0,0.0,0.0
2159571,Nonactor,0,0.0,268,0.000984353191802,0,0.0,161,0.00105456212746,0.0
304439,Nonactor,0,0.0,2,0.000526454330087,0,0.0,0,0.0,0
33605830,Nonactor,0,0,0,0,0,0.0,0,0.0,0
3260510,Nonactor,0,0.0,2,0.0025641025641,0,0.0,0,0.0,0.0
30000383,Nonactor,0,0,0,0,0,0.0,0,0.0,0.0
16208819,Nonactor,0,0.0,12,0.0021536252692,0,0.0,0,0.0,0.0
29662672,Nonactor,0,0,0,0,0,0.0,0,0.0,0
12835332,Nonactor,0,0.0,0,0.0,0,0.0,0,0.0,0.0
24503874,Nonactor,0,0.0,3,0.00110456553756,0,0.0,0,0.0,0.0
6874020,Nonactor,0,0.0,16,0.00151745068285,0,0.0,1,0.000164338537387,0.0
3597150,Nonactor,0,0.0,0,0.0,0,0.0,19,0.00353554149609,0.0
4246939,Nonactor,0,0.0,0,0.0,0,0.0,2,0.000153256704981,0.0
19244151,Nonactor,0,0.0,0,0.0,0,0.0,0,0,0.0
32084796,Nonactor,0,0,0,0,0,0.0,0,0.0,0
31673602,Nonactor,0,0,0,0,0,0.0,2,5.35231621484e-05,0.0
328406,Nonactor,2,0.00970873786408,57,0.00140949554896,0,0,0,0,0
30276179,Nonactor,0,0,0,0,0,0.0,0,0.0,0
10904281,Nonactor,0,0.0,11,0.00130781119962,0,0.0,9,0.00230591852421,0.0
17825592,Nonactor,7,0.0693069306931,585,0.0218814288386,2,0.0625,35,0.0210843373494,0.000157777966198
13480768,Nonactor,0,0.0,23,0.00406719717065,0,0.0,1,0.00171232876712,0.0
31914039,Nonactor,0,0,0,0,0,0.0,0,0.0,0.0
14161913,Nonactor,0,0.0,50,0.03300330033,0,0.0,5,0.00534759358289,0.0
4904630,Nonactor,0,0.0,0,0.0,0,0.0,19,0.00138504155125,0.0
31893164,Nonactor,0,0,0,0,0,0,0,0,0
31602390,Nonactor,0,0,0,0,0,0.0,0,0.0,0.0
19678299,Nonactor,0,0.0,25,0.011135857461,0,0.0,0,0.0,0
26724086,Nonactor,0,0,0,0,0,0.0,0,0.0,0
28795611,Nonactor,0,0,0,0,0,0.0,0,0,0
31378548,Nonactor,0,0,0,0,0,0,0,0,0
6685284,Nonactor,0,0.0,29,0.00317773394696,0,0.0,5,0.00011089179179,0.0
18102956,Nonactor,0,0.0,0,0.0,0,0.0,53,0.000919899331771,0.0
22698632,Nonactor,0,0.0,12,0.000517799352751,0,0.0,1,0.000203004466098,0.0
31368675,Nonactor,0,0,0,0,0,0.0,0,0.0,0.0
219871,Nonactor,0,0.0,0,0.0,0,0.0,3,0.00882352941176,0.0
33739348,Nonactor,0,0,0,0,0,0,0,0,0
2803916,Nonactor,0,0.0,3,0.000544860152561,0,0.0,0,0.0,0.0
11303402,Nonactor,0,0.0,3,0.000204248366013,0,0.0,0,0.0,0
1960886,Nonactor,0,0.0,0,0.0,0,0.0,0,0,0
437215,Nonactor,1,0.0384615384615,53,0.025828460039,0,0.0,0,0.0,0.0
29513092,Nonactor,0,0,0,0,0,0.0,0,0,0.0
14242961,Nonactor,0,0.0,1,0.00072202166065,0,0.0,31,0.00486274509804,0.0
15680642,Nonactor,0,0.0,1,0.000187336080929,0,0.0,0,0.0,0.0
31724626,Nonactor,0,0,0,0,0,0,0,0,0
15580723,Nonactor,0,0.0,1,3.138633439e-05,0,0.0,0,0.0,0.0
1504104,Nonactor,0,0.0,80,0.0142678794364,0,0.0,2,0.00120192307692,0.0
6537877,Nonactor,0,0.0,5,0.000239865675222,0,0.0,0,0.0,0
21884917,Nonactor,0,0.0,4,0.000565690849951,0,0,0,0,0
18564719,Nonactor,0,0.0,4,0.00344530577089,0,0.0,50,0.00207511931936,0.0
9529364,Nonactor,0,0.0,0,0.0,0,0.0,0,0.0,0
14316244,Nonactor,0,0.0,4,0.000699178465303,0,0,0,0,0
29024391,Nonactor,0,0,0,0,0,0.0,0,0.0,0
294707,Nonactor,0,0.0,94,0.00209484756641,0,0.0,80,0.00122146728758,0.0
2029977,Nonactor,0,0.0,0,0.0,0,0.0,0,0.0,0.0
17281361,Nonactor,0,0.0,1,0.000420875420875,0,0.0,0,0.0,0.0
17116889,Nonactor,0,0.0,0,0.0,0,0.0,0,0.0,0.0
11883613,Nonactor,0,0.0,40,0.00553403431101,0,0.0,33,0.00968025814022,0.0
12923645,Nonactor,0,0.0,0,0.0,0,0.0,0,0,0.0
12257290,Nonactor,0,0.0,0,0.0,0,0.0,0,0.0,0.0
14753261,Nonactor,0,0.0,2,0.000690846286701,0,0.0,0,0.0,0.0
6571874,Nonactor,0,0.0,0,0.0,0,0.0,1,9.58772770853e-05,0.0
13173120,Nonactor,0,0.0,12,0.00469483568075,1,0.0454545454545,2,0.00496277915633,4.47664263682e-05
6832466,Nonactor,0,0.0,1,0.000282167042889,0,0.0,0,0.0,0.0
29017394,Nonactor,0,0,0,0,0,0.0,0,0.0,0
23776508,Nonactor,0,0.0,1,0.00010897994769,0,0.0,0,0.0,0
23494729,Nonactor,0,0.0,58,0.0165336374002,0,0.0,2,0.00245398773006,0.0
23956633,Nonactor,0,0.0,0,0.0,0,0.0,0,0.0,0.0
13299269,Nonactor,0,0.0,0,0.0,0,0.0,0,0.0,0.0
19685397,Nonactor,0,0.0,52,0.0160444307313,0,0.0,0,0,0.0
22670668,Nonactor,0,0.0,2,0.00236406619385,0,0.0,0,0.0,0.0
6806730,Nonactor,0,0.0,0,0.0,0,0.0,0,0.0,0
10973035,Nonactor,0,0.0,18,0.00104396241735,0,0.0,0,0.0,0
10631056,Nonactor,0,0.0,1,0.000465766185375,0,0.0,0,0.0,0.0
19004123,Nonactor,0,0.0,3,0.000730994152047,0,0,0,0,0
32371489,Nonactor,0,0,0,0,0,0.0,0,0.0,0
1846657,Nonactor,0,0.0,31,0.0033890893189,0,0.0,0,0.0,0
32688098,Nonactor,0,0,0,0,0,0.0,1,0.000102806620746,0.0
29129084,Nonactor,0,0,0,0,0,0.0,0,0,0.0
27317657,Nonactor,0,0,0,0,0,0.0,0,0,0
33617101,Nonactor,0,0,0,0,0,0.0,0,0.0,0
29846990,Nonactor,0,0,0,0,0,0.0,8,0.00162041725744,0.0
18634,Nonactor,0,0.0,0,0.0,0,0.0,1,0.000175008750438,0.0
5816371,Nonactor,0,0.0,3,0.000503355704698,0,0.0,1,0.000246305418719,0.0
3676138,Nonactor,0,0.0,265,0.00835013864381,0,0.0,703,0.0410654827969,0.0
1438487,Nonactor,0,0.0,45,0.00594530321046,0,0.0,83,0.00217061561797,0.0
5670880,Nonactor,0,0.0,27,0.00174474959612,0,0.0,1,0.00015873015873,0.0
2160556,Nonactor,0,0.0,2,0.000211081794195,0,0.0,27,0.00447464368578,0.0
30276880,Nonactor,0,0,0,0,0,0.0,0,0.0,0
22298720,Nonactor,0,0.0,0,0.0,0,0.0,0,0.0,0.0
29999491,Nonactor,0,0,0,0,0,0.0,12,0.00879120879121,0.0
107981,Nonactor,0,0.0,208,0.006732916842,0,0.0,24,0.000882482718047,0.0
14481946,Nonactor,0,0.0,16,0.000999625140572,0,0.0,42,0.000559977600896,0.0
19423304,Nonactor,0,0.0,0,0.0,0,0.0,0,0.0,0
24546935,Nonactor,0,0.0,69,0.0344311377246,0,0.0,0,0.0,0.0
27693872,Nonactor,0,0,0,0,0,0.0,0,0,0.0
32652118,Nonactor,0,0,0,0,0,0.0,0,0.0,0.0
606871,Nonactor,0,0.0,0,0.0,0,0.0,0,0.0,0
4565722,Nonactor,3,0.051724137931,364,0.0302350693579,2,0.0645161290323,151,0.0499008592201,9.81730532489e-05
11548225,Nonactor,0,0.0,0,0.0,0,0.0,8,0.00027734442711,0.0
3110335,Nonactor,4,0.0588235294118,591,0.0579582230068,0,0.0,287,0.0386531986532,0.0
12549627,Nonactor,0,0.0,0,0.0,0,0.0,0,0.0,0.0
3460802,Nonactor,0,0.0,0,0.0,0,0.0,0,0.0,0.0
4811217,Nonactor,1,0.012987012987,9851,0.255936606911,1,0.0169491525424,531,0.0533668341709,4.85236431494e-05
19880120,Nonactor,0,0.0,0,0.0,0,0.0,0,0.0,0
21038616,Nonactor,0,0.0,0,0.0,0,0.0,0,0.0,0
16018722,Nonactor,0,0.0,1,0.000369549150037,0,0.0,0,0.0,0
28740556,Nonactor,0,0,0,0,0,0.0,0,0.0,0
429627,Nonactor,0,0.0,8,0.000252206809584,0,0.0,21,0.000626416895359,0.0
14891037,Nonactor,0,0.0,17,0.00335901995653,0,0.0,0,0.0,0
21528053,Nonactor,0,0.0,5,0.000523669878509,0,0.0,2,0.0013783597519,0.0
24712991,Nonactor,0,0.0,8,0.000603090840558,0,0.0,0,0.0,0.0
1068475,Nonactor,0,0.0,1,9.78377849525e-05,0,0.0,43,0.000387516559574,0.0
28735914,Nonactor,0,0,0,0,0,0.0,0,0.0,0
22894338,Nonactor,0,0.0,0,0.0,0,0.0,68,0.000946534708593,0.0
6987808,Nonactor,0,0.0,4,0.000254048904414,0,0.0,0,0.0,0
168115,Nonactor,0,0.0,2,0.000277507978354,0,0.0,0,0.0,0.0
29512890,Nonactor,0,0,0,0,0,0.0,0,0,0.0
30317706,Nonactor,0,0,0,0,0,0.0,0,0.0,0
8951101,Nonactor,0,0.0,0,0.0,0,0.0,0,0.0,0
900716,Nonactor,0,0.0,0,0.0,0,0.0,0,0.0,0
32400177,Nonactor,0,0,0,0,0,0.0,0,0.0,0
19118368,Nonactor,0,0.0,190,0.059245400686,0,0.0,0,0.0,0.0
1303534,Nonactor,0,0.0,57,0.0335294117647,0,0.0,0,0.0,0.0
19421362,Nonactor,0,0.0,0,0.0,0,0.0,0,0.0,0
21569537,Nonactor,0,0.0,21,0.0124481327801,0,0.0,0,0.0,0.0
2451119,Nonactor,0,0.0,0,0.0,0,0.0,0,0.0,0.0
8283300,Nonactor,0,0.0,2,4.99750124938e-05,0,0.0,0,0.0,0
5574512,Nonactor,0,0.0,0,0.0,0,0.0,0,0.0,0.0
20974435,Nonactor,0,0.0,3,0.000564865373753,0,0,0,0,0
1537237,Nonactor,0,0.0,2,0.00376647834275,0,0.0,0,0.0,0
3887077,Nonactor,0,0.0,2,0.000727802037846,0,0.0,2,0.00345423143351,0.0
9539527,Nonactor,0,0.0,1,7.78089013383e-05,0,0.0,10,0.000800897004645,0.0
3496203,Nonactor,0,0.0,320,0.00362228611532,0,0,0,0,0
747936,Nonactor,0,0.0,0,0.0,0,0.0,7,0.00858895705521,0.0
4541758,Nonactor,0,0.0,3,0.00101971447995,0,0.0,0,0.0,0.0
24327103,Nonactor,0,0.0,6,0.0010355540214,0,0.0,0,0.0,0.0
29832475,Nonactor,0,0,0,0,0,0.0,0,0,0
15990501,Nonactor,0,0.0,0,0.0,0,0.0,0,0.0,0
675159,Nonactor,0,0.0,21,0.0209163346614,0,0,0,0,0
1028080,Nonactor,0,0.0,6,0.000631978091426,0,0,0,0,0
22873305,Nonactor,0,0.0,0,0.0,0,0.0,0,0.0,0.0
24690733,Nonactor,0,0.0,0,0.0,0,0.0,0,0.0,0.0
25680257,Nonactor,0,0,0,0,0,0.0,0,0.0,0.0
3149871,Nonactor,0,0.0,1,0.000269905533063,0,0.0,0,0.0,0.0
21002004,Nonactor,0,0.0,3,0.000511334583262,0,0.0,1,0.000325309043591,0.0
19976931,Nonactor,0,0.0,3,0.000774393391843,0,0.0,0,0.0,0.0
5824627,Nonactor,0,0.0,25,0.000768781327839,1,0.00261096605744,1436,0.00559562637114,5.65534271348e-05
17243090,Nonactor,0,0.0,4,0.000417057658221,0,0.0,5,0.000135696257497,0.0
15423928,Nonactor,0,0.0,0,0.0,0,0.0,0,0.0,0
18443209,Nonactor,3,0.0352941176471,667,0.0640730067243,1,0.0161290322581,494,0.0742633794348,0.000184848110559
27943617,Nonactor,0,0,0,0,0,0,0,0,0
18493534,Nonactor,1,0.05,179,0.0386943363597,0,0.0,3,0.0214285714286,0.0
23987825,Nonactor,0,0.0,0,0.0,0,0.0,0,0.0,0
23208525,Nonactor,0,0.0,0,0.0,0,0.0,73,0.00392114733845,0.0
33292715,Nonactor,0,0,0,0,0,0.0,0,0,0.0
22583392,Nonactor,0,0.0,6,0.00142079090694,0,0.0,1,0.00135685210312,0.0
10772582,Nonactor,0,0.0,12,0.000411466191195,0,0.0,0,0.0,0.0
3017018,Nonactor,0,0.0,23,0.000983788870354,0,0.0,2,0.000745156482861,0.0
2312537,Nonactor,0,0.0,2,0.000940291490362,0,0.0,0,0.0,0.0
24822035,Nonactor,0,0,0,0,0,0.0,0,0.0,0
1138177,Nonactor,0,0.0,1,0.000387747188833,0,0.0,0,0.0,0
3900869,Nonactor,2,0.333333333333,39,0.0222095671982,2,0.5,21,0.0461538461538,0.000139316487339
23273400,Nonactor,0,0.0,0,0.0,0,0,0,0,0
29408289,Nonactor,0,0,0,0,0,0.0,0,0.0,0.0
25510142,Nonactor,0,0,0,0,0,0.0,0,0.0,0
27134463,Nonactor,0,0,0,0,1,0.0454545454545,78,0.0221213840045,9.37427820758e-05
22812810,Nonactor,0,0.0,0,0.0,0,0,0,0,0
22896681,Nonactor,0,0.0,0,0.0,0,0.0,0,0,0.0
13966709,Nonactor,0,0.0,0,0.0,0,0.0,0,0,0.0
18936681,Nonactor,1,0.125,34,0.00999118424919,1,0.166666666667,335,0.0301231903606,5.83105980235e-05
31999874,Nonactor,0,0,0,0,0,0,0,0,0
1030911,Nonactor,0,0.0,4,0.000108666123336,0,0.0,27,0.000694248026536,0.0
2209076,Nonactor,0,0.0,2,0.000484027105518,0,0.0,0,0.0,0.0
26588327,Nonactor,0,0,0,0,0,0.0,0,0.0,0.0
6888154,Nonactor,0,0.0,754,0.0136936544259,0,0.0,1079,0.026966909927,0.0
783289,Nonactor,0,0.0,74,0.00735513368452,0,0.0,2,0.000396589331747,0.0
25241095,Nonactor,0,0,0,0,0,0.0,24,0.015737704918,0.0
2209289,Nonactor,0,0.0,2,0.000184246890834,0,0.0,7,0.00054717423591,0.0
480073,Nonactor,0,0.0,101,0.0257324840764,0,0.0,0,0.0,0.0
2408918,Nonactor,10,0.0478468899522,392,0.0128326840606,9,0.0391304347826,951,0.0319846635052,0.00092533793228
17727652,Nonactor,0,0.0,32,0.00105142106128,0,0.0,0,0.0,0.0

18969400,Nonactor,0,0.0,4,0.000792079207921,0,0,0,0,0
23311190,Nonactor,0,0.0,0,0.0,0,0.0,0,0.0,0
20750753,Nonactor,0,0.0,2,0.000692760651195,0,0.0,0,0.0,0
20690698,Nonactor,0,0.0,0,0.0,0,0.0,0,0,0
3103930,Nonactor,0,0.0,1,0.000353857041755,0,0,0,0,0
16202710,Nonactor,0,0.0,21,0.000428221859706,0,0.0,15,0.000974279033515,0.0
1097218,Nonactor,2,0.0266666666667,120,0.00658002961013,0,0.0,15,0.00679347826087,0.0
17368006,Nonactor,0,0.0,0,0.0,0,0.0,0,0.0,0
24898550,Nonactor,0,0,0,0,0,0.0,0,0.0,0
12566334,Nonactor,0,0.0,0,0.0,0,0.0,0,0.0,0
7116845,Nonactor,0,0.0,6,0.0015243902439,0,0.0,0,0.0,0
13865506,Nonactor,0,0.0,126,0.00129947814608,0,0.0,107,0.00137216430065,0.0
24145931,Nonactor,0,0.0,26,0.00253708040593,0,0.0,0,0.0,0.0
15895893,Nonactor,0,0.0,2,0.000829531314807,0,0.0,0,0.0,0.0
31013949,Nonactor,0,0,0,0,0,0.0,0,0.0,0
33672639,Nonactor,0,0,0,0,0,0,0,0,0
14703138,Nonactor,0,0.0,0,0.0,0,0.0,0,0.0,0.0
6195900,Nonactor,1,0.00448430493274,157,0.00385115411975,1,0.00578034682081,95,0.00305318977985,5.81368891162e-05
18528799,Nonactor,0,0.0,0,0.0,0,0.0,0,0.0,0
26065183,Nonactor,0,0,0,0,0,0.0,0,0.0,0
29090553,Nonactor,0,0,0,0,0,0.0,0,0.0,0
11257213,Nonactor,0,0.0,17,0.0315985130112,1,0.25,15,0.0220588235294,8.40013296605e-05
16874859,Nonactor,0,0.0,21,0.014,0,0.0,0,0,0.0
566032,Nonactor,0,0.0,4,0.000685518423308,0,0.0,0,0.0,0.0
18589993,Nonactor,3,0.0285714285714,576,0.0369254439387,0,0.0,187,0.0149947879079,0.0
18907749,Nonactor,0,0.0,0,0.0,0,0.0,0,0.0,0.0
1012403,Nonactor,0,0.0,64,0.00484628199303,0,0.0,15,0.00163096661955,0.0
28428765,Nonactor,0,0,0,0,0,0.0,0,0.0,0
23621602,Nonactor,0,0.0,0,0.0,0,0.0,0,0.0,0.0
10583775,Nonactor,0,0.0,27,0.00325654323966,0,0.0,1,0.0126582278481,0.0
28269420,Nonactor,0,0,0,0,0,0.0,0,0.0,0.0
4725342,Nonactor,0,0.0,1,0.000302297460701,0,0.0,1,0.000459558823529,0.0
3562161,Nonactor,0,0.0,58,0.0103812421693,0,0.0,8,0.000788643533123,0.0
19311326,Nonactor,0,0.0,0,0.0,0,0.0,0,0.0,0.0
26133288,Nonactor,0,0,0,0,0,0.0,0,0.0,0.0
1313859,Nonactor,0,0.0,3,0.000596184419714,0,0.0,12,0.00205163275774,0.0
24953831,Nonactor,0,0,0,0,0,0.0,0,0,0.0
5664723,Nonactor,0,0.0,31,0.00100525325897,0,0.0,0,0.0,0.0
31022250,Nonactor,0,0,0,0,0,0.0,0,0.0,0
23348740,Nonactor,0,0.0,0,0.0,0,0.0,0,0,0.0
4906396,Nonactor,0,0.0,0,0.0,0,0.0,0,0.0,0.0
6111356,Nonactor,0,0.0,0,0.0,0,0.0,0,0.0,0.0
3920920,Nonactor,0,0.0,2,0.000409836065574,0,0.0,4,0.00150489089541,0.0
12210936,Nonactor,0,0.0,1,0.000301477238468,0,0.0,2,0.00374531835206,0.0
476813,Nonactor,0,0.0,1,0.000107979699816,0,0.0,0,0.0,0.0
19859895,Nonactor,0,0.0,0,0.0,0,0.0,0,0.0,0
4397497,Nonactor,0,0.0,1,0.00425531914894,0,0.0,3,0.00602409638554,0.0
21448842,Nonactor,0,0.0,0,0.0,0,0,0,0,0
32583307,Nonactor,0,0,0,0,0,0.0,0,0,0.0
21719831,Nonactor,0,0.0,40,0.00407041823547,0,0.0,2,0.00038662284941,0.0
11105090,Nonactor,0,0.0,182,0.027803238619,0,0.0,0,0.0,0.0
10907969,Nonactor,0,0.0,0,0.0,0,0.0,0,0.0,0.0
7887083,Nonactor,0,0.0,0,0.0,0,0.0,0,0.0,0
28685700,Nonactor,0,0,0,0,0,0.0,2,0.00091533180778,0.0
676868,Nonactor,0,0.0,0,0.0,0,0.0,0,0.0,0
27683331,Nonactor,0,0,0,0,0,0.0,0,0.0,0
32674318,Nonactor,0,0,0,0,0,0.0,0,0.0,0
15924895,Nonactor,0,0.0,9,0.00156958493198,0,0.0,26,0.0016429699842,0.0
588311,Nonactor,0,0.0,83,0.017342248224,0,0.0,0,0.0,0
2948975,Nonactor,0,0.0,26,0.00485981308411,0,0.0,0,0.0,0.0
13094527,Nonactor,0,0.0,0,0.0,0,0.0,0,0.0,0.0
7108836,Nonactor,0,0.0,31,0.00467360168853,0,0.0,0,0.0,0.0
24041658,Nonactor,0,0.0,0,0.0,0,0.0,0,0.0,0.0
749742,Nonactor,0,0.0,3,0.000627221409157,0,0.0,2,0.00077429345722,0.0
9646603,Nonactor,0,0.0,3,0.000481386392811,0,0.0,0,0.0,0.0
3028938,Nonactor,0,0.0,0,0.0,0,0.0,0,0.0,0
20116974,Nonactor,0,0.0,0,0.0,0,0.0,0,0.0,0.0
16162697,Nonactor,0,0.0,65,0.0121540762902,0,0.0,0,0.0,0.0
26269369,Nonactor,0,0,0,0,0,0.0,3,0.00242130750605,0.0
13272088,Nonactor,0,0.0,2,0.000769822940724,0,0.0,0,0.0,0.0
